Country Name,Country ISO3,Year,Indicator Name,Indicator Code,Value
Rwanda,RWA,2023,Agricultural land (sq. km),AG.LND.AGRI.K2,18831.31
Rwanda,RWA,2022,Agricultural land (sq. km),AG.LND.AGRI.K2,19745.073
Rwanda,RWA,2021,Agricultural land (sq. km),AG.LND.AGRI.K2,20044.6
Rwanda,RWA,2020,Agricultural land (sq. km),AG.LND.AGRI.K2,19586
Rwanda,RWA,2019,Agricultural land (sq. km),AG.LND.AGRI.K2,19040
Rwanda,RWA,2018,Agricultural land (sq. km),AG.LND.AGRI.K2,19490
Rwanda,RWA,2017,Agricultural land (sq. km),AG.LND.AGRI.K2,20050
Rwanda,RWA,2016,Agricultural land (sq. km),AG.LND.AGRI.K2,20050
Rwanda,RWA,2015,Agricultural land (sq. km),AG.LND.AGRI.K2,20070
Rwanda,RWA,2014,Agricultural land (sq. km),AG.LND.AGRI.K2,20060
Rwanda,RWA,2013,Agricultural land (sq. km),AG.LND.AGRI.K2,19800
Rwanda,RWA,2012,Agricultural land (sq. km),AG.LND.AGRI.K2,19590
Rwanda,RWA,2011,Agricultural land (sq. km),AG.LND.AGRI.K2,19430
Rwanda,RWA,2010,Agricultural land (sq. km),AG.LND.AGRI.K2,19220
Rwanda,RWA,2009,Agricultural land (sq. km),AG.LND.AGRI.K2,19060
Rwanda,RWA,2008,Agricultural land (sq. km),AG.LND.AGRI.K2,18800
Rwanda,RWA,2007,Agricultural land (sq. km),AG.LND.AGRI.K2,18780
Rwanda,RWA,2006,Agricultural land (sq. km),AG.LND.AGRI.K2,18840
Rwanda,RWA,2005,Agricultural land (sq. km),AG.LND.AGRI.K2,18810
Rwanda,RWA,2004,Agricultural land (sq. km),AG.LND.AGRI.K2,18830
Rwanda,RWA,2003,Agricultural land (sq. km),AG.LND.AGRI.K2,18860
Rwanda,RWA,2002,Agricultural land (sq. km),AG.LND.AGRI.K2,18880
Rwanda,RWA,2001,Agricultural land (sq. km),AG.LND.AGRI.K2,18970
Rwanda,RWA,2000,Agricultural land (sq. km),AG.LND.AGRI.K2,18260
Rwanda,RWA,1999,Agricultural land (sq. km),AG.LND.AGRI.K2,17170
Rwanda,RWA,1998,Agricultural land (sq. km),AG.LND.AGRI.K2,16710
Rwanda,RWA,1997,Agricultural land (sq. km),AG.LND.AGRI.K2,16510
Rwanda,RWA,1996,Agricultural land (sq. km),AG.LND.AGRI.K2,16010
Rwanda,RWA,1995,Agricultural land (sq. km),AG.LND.AGRI.K2,15500
Rwanda,RWA,1994,Agricultural land (sq. km),AG.LND.AGRI.K2,15500
Rwanda,RWA,1993,Agricultural land (sq. km),AG.LND.AGRI.K2,17550
Rwanda,RWA,1992,Agricultural land (sq. km),AG.LND.AGRI.K2,18350
Rwanda,RWA,1991,Agricultural land (sq. km),AG.LND.AGRI.K2,18750
Rwanda,RWA,1990,Agricultural land (sq. km),AG.LND.AGRI.K2,18780
Rwanda,RWA,1989,Agricultural land (sq. km),AG.LND.AGRI.K2,18540
Rwanda,RWA,1988,Agricultural land (sq. km),AG.LND.AGRI.K2,18530
Rwanda,RWA,1987,Agricultural land (sq. km),AG.LND.AGRI.K2,18420
Rwanda,RWA,1986,Agricultural land (sq. km),AG.LND.AGRI.K2,18300
Rwanda,RWA,1985,Agricultural land (sq. km),AG.LND.AGRI.K2,18190
Rwanda,RWA,1984,Agricultural land (sq. km),AG.LND.AGRI.K2,18080
Rwanda,RWA,1983,Agricultural land (sq. km),AG.LND.AGRI.K2,17900
Rwanda,RWA,1982,Agricultural land (sq. km),AG.LND.AGRI.K2,17750
Rwanda,RWA,1981,Agricultural land (sq. km),AG.LND.AGRI.K2,17600
Rwanda,RWA,1980,Agricultural land (sq. km),AG.LND.AGRI.K2,17150
Rwanda,RWA,1979,Agricultural land (sq. km),AG.LND.AGRI.K2,16970
Rwanda,RWA,1978,Agricultural land (sq. km),AG.LND.AGRI.K2,16800
Rwanda,RWA,1977,Agricultural land (sq. km),AG.LND.AGRI.K2,16650
Rwanda,RWA,1976,Agricultural land (sq. km),AG.LND.AGRI.K2,16390
Rwanda,RWA,1975,Agricultural land (sq. km),AG.LND.AGRI.K2,16120
Rwanda,RWA,1974,Agricultural land (sq. km),AG.LND.AGRI.K2,15840
Rwanda,RWA,1973,Agricultural land (sq. km),AG.LND.AGRI.K2,15050
Rwanda,RWA,1972,Agricultural land (sq. km),AG.LND.AGRI.K2,15080
Rwanda,RWA,1971,Agricultural land (sq. km),AG.LND.AGRI.K2,14480
Rwanda,RWA,1970,Agricultural land (sq. km),AG.LND.AGRI.K2,14040
Rwanda,RWA,1969,Agricultural land (sq. km),AG.LND.AGRI.K2,13970
Rwanda,RWA,1968,Agricultural land (sq. km),AG.LND.AGRI.K2,13830
Rwanda,RWA,1967,Agricultural land (sq. km),AG.LND.AGRI.K2,13750
Rwanda,RWA,1966,Agricultural land (sq. km),AG.LND.AGRI.K2,13650
Rwanda,RWA,1965,Agricultural land (sq. km),AG.LND.AGRI.K2,13550
Rwanda,RWA,1964,Agricultural land (sq. km),AG.LND.AGRI.K2,13450
Rwanda,RWA,1963,Agricultural land (sq. km),AG.LND.AGRI.K2,13350
Rwanda,RWA,1962,Agricultural land (sq. km),AG.LND.AGRI.K2,13250
Rwanda,RWA,1961,Agricultural land (sq. km),AG.LND.AGRI.K2,13150
Rwanda,RWA,2023,Agricultural land (% of land area),AG.LND.AGRI.ZS,76.3328334008918
Rwanda,RWA,2022,Agricultural land (% of land area),AG.LND.AGRI.ZS,80.0367774625051
Rwanda,RWA,2021,Agricultural land (% of land area),AG.LND.AGRI.ZS,81.2509120389137
Rwanda,RWA,2020,Agricultural land (% of land area),AG.LND.AGRI.ZS,79.3919740575598
Rwanda,RWA,2019,Agricultural land (% of land area),AG.LND.AGRI.ZS,77.1787596270774
Rwanda,RWA,2018,Agricultural land (% of land area),AG.LND.AGRI.ZS,79.0028374543981
Rwanda,RWA,2017,Agricultural land (% of land area),AG.LND.AGRI.ZS,81.2728009728415
Rwanda,RWA,2016,Agricultural land (% of land area),AG.LND.AGRI.ZS,81.2728009728415
Rwanda,RWA,2015,Agricultural land (% of land area),AG.LND.AGRI.ZS,81.3538710985002
Rwanda,RWA,2014,Agricultural land (% of land area),AG.LND.AGRI.ZS,81.3133360356709
Rwanda,RWA,2013,Agricultural land (% of land area),AG.LND.AGRI.ZS,80.2594244021078
Rwanda,RWA,2012,Agricultural land (% of land area),AG.LND.AGRI.ZS,79.4081880826915
Rwanda,RWA,2011,Agricultural land (% of land area),AG.LND.AGRI.ZS,78.759627077422
Rwanda,RWA,2010,Agricultural land (% of land area),AG.LND.AGRI.ZS,77.9083907580057
Rwanda,RWA,2009,Agricultural land (% of land area),AG.LND.AGRI.ZS,77.2598297527361
Rwanda,RWA,2008,Agricultural land (% of land area),AG.LND.AGRI.ZS,76.2059181191731
Rwanda,RWA,2007,Agricultural land (% of land area),AG.LND.AGRI.ZS,76.1248479935144
Rwanda,RWA,2006,Agricultural land (% of land area),AG.LND.AGRI.ZS,76.3680583704905
Rwanda,RWA,2005,Agricultural land (% of land area),AG.LND.AGRI.ZS,76.2464531820024
Rwanda,RWA,2004,Agricultural land (% of land area),AG.LND.AGRI.ZS,76.3275233076611
Rwanda,RWA,2003,Agricultural land (% of land area),AG.LND.AGRI.ZS,76.4491284961492
Rwanda,RWA,2002,Agricultural land (% of land area),AG.LND.AGRI.ZS,76.5301986218079
Rwanda,RWA,2001,Agricultural land (% of land area),AG.LND.AGRI.ZS,76.895014187272
Rwanda,RWA,2000,Agricultural land (% of land area),AG.LND.AGRI.ZS,74.0170247263883
Rwanda,RWA,1999,Agricultural land (% of land area),AG.LND.AGRI.ZS,69.5987028779895
Rwanda,RWA,1998,Agricultural land (% of land area),AG.LND.AGRI.ZS,67.7340899878395
Rwanda,RWA,1997,Agricultural land (% of land area),AG.LND.AGRI.ZS,66.9233887312525
Rwanda,RWA,1996,Agricultural land (% of land area),AG.LND.AGRI.ZS,64.8966355897852
Rwanda,RWA,1995,Agricultural land (% of land area),AG.LND.AGRI.ZS,62.8293473854884
Rwanda,RWA,1994,Agricultural land (% of land area),AG.LND.AGRI.ZS,62.8293473854884
Rwanda,RWA,1993,Agricultural land (% of land area),AG.LND.AGRI.ZS,71.1390352655047
Rwanda,RWA,1992,Agricultural land (% of land area),AG.LND.AGRI.ZS,74.3818402918525
Rwanda,RWA,1991,Agricultural land (% of land area),AG.LND.AGRI.ZS,76.0032428050263
Rwanda,RWA,1990,Agricultural land (% of land area),AG.LND.AGRI.ZS,76.1248479935144
Rwanda,RWA,1989,Agricultural land (% of land area),AG.LND.AGRI.ZS,75.1520064856101
Rwanda,RWA,1988,Agricultural land (% of land area),AG.LND.AGRI.ZS,75.1114714227807
Rwanda,RWA,1987,Agricultural land (% of land area),AG.LND.AGRI.ZS,74.6655857316579
Rwanda,RWA,1986,Agricultural land (% of land area),AG.LND.AGRI.ZS,74.1791649777057
Rwanda,RWA,1985,Agricultural land (% of land area),AG.LND.AGRI.ZS,73.7332792865829
Rwanda,RWA,1984,Agricultural land (% of land area),AG.LND.AGRI.ZS,73.2873935954601
Rwanda,RWA,1983,Agricultural land (% of land area),AG.LND.AGRI.ZS,72.5577624645318
Rwanda,RWA,1982,Agricultural land (% of land area),AG.LND.AGRI.ZS,71.9497365220916
Rwanda,RWA,1981,Agricultural land (% of land area),AG.LND.AGRI.ZS,71.3417105796514
Rwanda,RWA,1980,Agricultural land (% of land area),AG.LND.AGRI.ZS,69.5176327523308
Rwanda,RWA,1979,Agricultural land (% of land area),AG.LND.AGRI.ZS,68.7880016214025
Rwanda,RWA,1978,Agricultural land (% of land area),AG.LND.AGRI.ZS,68.0989055533036
Rwanda,RWA,1977,Agricultural land (% of land area),AG.LND.AGRI.ZS,67.4908796108634
Rwanda,RWA,1976,Agricultural land (% of land area),AG.LND.AGRI.ZS,66.4369679773004
Rwanda,RWA,1975,Agricultural land (% of land area),AG.LND.AGRI.ZS,65.342521280908
Rwanda,RWA,1974,Agricultural land (% of land area),AG.LND.AGRI.ZS,64.2075395216863
Rwanda,RWA,1973,Agricultural land (% of land area),AG.LND.AGRI.ZS,61.0052695581678
Rwanda,RWA,1972,Agricultural land (% of land area),AG.LND.AGRI.ZS,61.1268747466559
Rwanda,RWA,1971,Agricultural land (% of land area),AG.LND.AGRI.ZS,58.694770976895
Rwanda,RWA,1970,Agricultural land (% of land area),AG.LND.AGRI.ZS,56.9112282124037
Rwanda,RWA,1969,Agricultural land (% of land area),AG.LND.AGRI.ZS,56.6274827725983
Rwanda,RWA,1968,Agricultural land (% of land area),AG.LND.AGRI.ZS,56.0599918929874
Rwanda,RWA,1967,Agricultural land (% of land area),AG.LND.AGRI.ZS,55.7357113903527
Rwanda,RWA,1966,Agricultural land (% of land area),AG.LND.AGRI.ZS,55.3303607620592
Rwanda,RWA,1965,Agricultural land (% of land area),AG.LND.AGRI.ZS,54.9250101337657
Rwanda,RWA,1964,Agricultural land (% of land area),AG.LND.AGRI.ZS,54.5196595054722
Rwanda,RWA,1963,Agricultural land (% of land area),AG.LND.AGRI.ZS,54.1143088771788
Rwanda,RWA,1962,Agricultural land (% of land area),AG.LND.AGRI.ZS,53.7089582488853
Rwanda,RWA,1961,Agricultural land (% of land area),AG.LND.AGRI.ZS,53.3036076205918
Rwanda,RWA,2023,Arable land (% of land area),AG.LND.ARBL.ZS,46.9830158086745
Rwanda,RWA,2022,Arable land (% of land area),AG.LND.ARBL.ZS,50.2005391163356
Rwanda,RWA,2021,Arable land (% of land area),AG.LND.ARBL.ZS,51.4146736927442
Rwanda,RWA,2020,Arable land (% of land area),AG.LND.ARBL.ZS,49.2338873125253
Rwanda,RWA,2019,Arable land (% of land area),AG.LND.ARBL.ZS,48.3177948925821
Rwanda,RWA,2018,Arable land (% of land area),AG.LND.ARBL.ZS,50.060802594244
Rwanda,RWA,2017,Arable land (% of land area),AG.LND.ARBL.ZS,52.2496959870288
Rwanda,RWA,2016,Arable land (% of land area),AG.LND.ARBL.ZS,52.2091609241994
Rwanda,RWA,2015,Arable land (% of land area),AG.LND.ARBL.ZS,52.2091609241994
Rwanda,RWA,2014,Arable land (% of land area),AG.LND.ARBL.ZS,52.1686258613701
Rwanda,RWA,2013,Arable land (% of land area),AG.LND.ARBL.ZS,51.1147142278071
Rwanda,RWA,2012,Arable land (% of land area),AG.LND.ARBL.ZS,50.060802594244
Rwanda,RWA,2011,Arable land (% of land area),AG.LND.ARBL.ZS,49.0474260235103
Rwanda,RWA,2010,Arable land (% of land area),AG.LND.ARBL.ZS,47.9935143899473
Rwanda,RWA,2009,Arable land (% of land area),AG.LND.ARBL.ZS,46.9396027563843
Rwanda,RWA,2008,Arable land (% of land area),AG.LND.ARBL.ZS,45.8856911228212
Rwanda,RWA,2007,Arable land (% of land area),AG.LND.ARBL.ZS,45.8046209971625
Rwanda,RWA,2006,Arable land (% of land area),AG.LND.ARBL.ZS,45.6830158086745
Rwanda,RWA,2005,Arable land (% of land area),AG.LND.ARBL.ZS,45.5614106201865
Rwanda,RWA,2004,Arable land (% of land area),AG.LND.ARBL.ZS,45.4398054316984
Rwanda,RWA,2003,Arable land (% of land area),AG.LND.ARBL.ZS,45.3587353060397
Rwanda,RWA,2002,Arable land (% of land area),AG.LND.ARBL.ZS,45.2371301175517
Rwanda,RWA,2001,Arable land (% of land area),AG.LND.ARBL.ZS,44.5885691122821
Rwanda,RWA,2000,Arable land (% of land area),AG.LND.ARBL.ZS,40.5350628293474
Rwanda,RWA,1999,Arable land (% of land area),AG.LND.ARBL.ZS,35.1033644102148
Rwanda,RWA,1998,Arable land (% of land area),AG.LND.ARBL.ZS,33.2387515200649
Rwanda,RWA,1997,Arable land (% of land area),AG.LND.ARBL.ZS,32.4280502634779
Rwanda,RWA,1996,Arable land (% of land area),AG.LND.ARBL.ZS,30.4012971220105
Rwanda,RWA,1995,Arable land (% of land area),AG.LND.ARBL.ZS,28.3745439805432
Rwanda,RWA,1994,Arable land (% of land area),AG.LND.ARBL.ZS,28.3745439805432
Rwanda,RWA,1993,Arable land (% of land area),AG.LND.ARBL.ZS,34.4548034049453
Rwanda,RWA,1992,Arable land (% of land area),AG.LND.ARBL.ZS,35.6708552898257
Rwanda,RWA,1991,Arable land (% of land area),AG.LND.ARBL.ZS,35.6708552898257
Rwanda,RWA,1990,Arable land (% of land area),AG.LND.ARBL.ZS,35.6708552898257
Rwanda,RWA,1989,Arable land (% of land area),AG.LND.ARBL.ZS,34.4548034049453
Rwanda,RWA,1988,Arable land (% of land area),AG.LND.ARBL.ZS,34.4142683421159
Rwanda,RWA,1987,Arable land (% of land area),AG.LND.ARBL.ZS,34.1305229023105
Rwanda,RWA,1986,Arable land (% of land area),AG.LND.ARBL.ZS,33.8062423996757
Rwanda,RWA,1985,Arable land (% of land area),AG.LND.ARBL.ZS,33.5224969598703
Rwanda,RWA,1984,Arable land (% of land area),AG.LND.ARBL.ZS,33.2387515200649
Rwanda,RWA,1983,Arable land (% of land area),AG.LND.ARBL.ZS,32.6307255776246
Rwanda,RWA,1982,Arable land (% of land area),AG.LND.ARBL.ZS,32.0226996351844
Rwanda,RWA,1981,Arable land (% of land area),AG.LND.ARBL.ZS,31.4146736927442
Rwanda,RWA,1980,Arable land (% of land area),AG.LND.ARBL.ZS,30.806647750304
Rwanda,RWA,1979,Arable land (% of land area),AG.LND.ARBL.ZS,30.1986218078638
Rwanda,RWA,1978,Arable land (% of land area),AG.LND.ARBL.ZS,29.5905958654236
Rwanda,RWA,1977,Arable land (% of land area),AG.LND.ARBL.ZS,28.9825699229834
Rwanda,RWA,1976,Arable land (% of land area),AG.LND.ARBL.ZS,28.3745439805432
Rwanda,RWA,1975,Arable land (% of land area),AG.LND.ARBL.ZS,27.8070531009323
Rwanda,RWA,1974,Arable land (% of land area),AG.LND.ARBL.ZS,27.077421970004
Rwanda,RWA,1973,Arable land (% of land area),AG.LND.ARBL.ZS,24.7263883259019
Rwanda,RWA,1972,Arable land (% of land area),AG.LND.ARBL.ZS,25.1722740170247
Rwanda,RWA,1971,Arable land (% of land area),AG.LND.ARBL.ZS,22.6996351844345
Rwanda,RWA,1970,Arable land (% of land area),AG.LND.ARBL.ZS,21.1593027969193
Rwanda,RWA,1969,Arable land (% of land area),AG.LND.ARBL.ZS,21.4025131738954
Rwanda,RWA,1968,Arable land (% of land area),AG.LND.ARBL.ZS,21.11876773409
Rwanda,RWA,1967,Arable land (% of land area),AG.LND.ARBL.ZS,20.8755573571139
Rwanda,RWA,1966,Arable land (% of land area),AG.LND.ARBL.ZS,20.6728820429672
Rwanda,RWA,1965,Arable land (% of land area),AG.LND.ARBL.ZS,20.4702067288204
Rwanda,RWA,1964,Arable land (% of land area),AG.LND.ARBL.ZS,20.2675314146737
Rwanda,RWA,1963,Arable land (% of land area),AG.LND.ARBL.ZS,20.064856100527
Rwanda,RWA,1962,Arable land (% of land area),AG.LND.ARBL.ZS,19.8621807863802
Rwanda,RWA,1961,Arable land (% of land area),AG.LND.ARBL.ZS,19.6595054722335
Rwanda,RWA,2015,Rural land area where elevation is below 5 meters (sq. km),AG.LND.EL5M.RU.K2,0
Rwanda,RWA,2000,Rural land area where elevation is below 5 meters (sq. km),AG.LND.EL5M.RU.K2,0
Rwanda,RWA,1990,Rural land area where elevation is below 5 meters (sq. km),AG.LND.EL5M.RU.K2,0
Rwanda,RWA,2015,Rural land area where elevation is below 5 meters (% of total land area),AG.LND.EL5M.RU.ZS,0
Rwanda,RWA,2000,Rural land area where elevation is below 5 meters (% of total land area),AG.LND.EL5M.RU.ZS,0
Rwanda,RWA,1990,Rural land area where elevation is below 5 meters (% of total land area),AG.LND.EL5M.RU.ZS,0
Rwanda,RWA,2015,Urban land area where elevation is below 5 meters (sq. km),AG.LND.EL5M.UR.K2,0
Rwanda,RWA,2000,Urban land area where elevation is below 5 meters (sq. km),AG.LND.EL5M.UR.K2,0
Rwanda,RWA,1990,Urban land area where elevation is below 5 meters (sq. km),AG.LND.EL5M.UR.K2,0
Rwanda,RWA,2015,Urban land area where elevation is below 5 meters (% of total land area),AG.LND.EL5M.UR.ZS,0
Rwanda,RWA,2000,Urban land area where elevation is below 5 meters (% of total land area),AG.LND.EL5M.UR.ZS,0
Rwanda,RWA,1990,Urban land area where elevation is below 5 meters (% of total land area),AG.LND.EL5M.UR.ZS,0
Rwanda,RWA,2015,Land area where elevation is below 5 meters (% of total land area),AG.LND.EL5M.ZS,0
Rwanda,RWA,2000,Land area where elevation is below 5 meters (% of total land area),AG.LND.EL5M.ZS,0
Rwanda,RWA,1990,Land area where elevation is below 5 meters (% of total land area),AG.LND.EL5M.ZS,0
Rwanda,RWA,2023,Forest area (sq. km),AG.LND.FRST.K2,2790
Rwanda,RWA,2022,Forest area (sq. km),AG.LND.FRST.K2,2780
Rwanda,RWA,2021,Forest area (sq. km),AG.LND.FRST.K2,2770
Rwanda,RWA,2020,Forest area (sq. km),AG.LND.FRST.K2,2760
Rwanda,RWA,2019,Forest area (sq. km),AG.LND.FRST.K2,2750
Rwanda,RWA,2018,Forest area (sq. km),AG.LND.FRST.K2,2740
Rwanda,RWA,2017,Forest area (sq. km),AG.LND.FRST.K2,2730
Rwanda,RWA,2016,Forest area (sq. km),AG.LND.FRST.K2,2720
Rwanda,RWA,2015,Forest area (sq. km),AG.LND.FRST.K2,2700
Rwanda,RWA,2014,Forest area (sq. km),AG.LND.FRST.K2,2690
Rwanda,RWA,2013,Forest area (sq. km),AG.LND.FRST.K2,2680
Rwanda,RWA,2012,Forest area (sq. km),AG.LND.FRST.K2,2670
Rwanda,RWA,2011,Forest area (sq. km),AG.LND.FRST.K2,2660
Rwanda,RWA,2010,Forest area (sq. km),AG.LND.FRST.K2,2650
Rwanda,RWA,2009,Forest area (sq. km),AG.LND.FRST.K2,2672
Rwanda,RWA,2008,Forest area (sq. km),AG.LND.FRST.K2,2694
Rwanda,RWA,2007,Forest area (sq. km),AG.LND.FRST.K2,2716
Rwanda,RWA,2006,Forest area (sq. km),AG.LND.FRST.K2,2738
Rwanda,RWA,2005,Forest area (sq. km),AG.LND.FRST.K2,2760
Rwanda,RWA,2004,Forest area (sq. km),AG.LND.FRST.K2,2782
Rwanda,RWA,2003,Forest area (sq. km),AG.LND.FRST.K2,2804
Rwanda,RWA,2002,Forest area (sq. km),AG.LND.FRST.K2,2826
Rwanda,RWA,2001,Forest area (sq. km),AG.LND.FRST.K2,2848
Rwanda,RWA,2000,Forest area (sq. km),AG.LND.FRST.K2,2870
Rwanda,RWA,1999,Forest area (sq. km),AG.LND.FRST.K2,2900
Rwanda,RWA,1998,Forest area (sq. km),AG.LND.FRST.K2,2930
Rwanda,RWA,1997,Forest area (sq. km),AG.LND.FRST.K2,2960
Rwanda,RWA,1996,Forest area (sq. km),AG.LND.FRST.K2,2990
Rwanda,RWA,1995,Forest area (sq. km),AG.LND.FRST.K2,3020
Rwanda,RWA,1994,Forest area (sq. km),AG.LND.FRST.K2,3050
Rwanda,RWA,1993,Forest area (sq. km),AG.LND.FRST.K2,3080
Rwanda,RWA,1992,Forest area (sq. km),AG.LND.FRST.K2,3110
Rwanda,RWA,1991,Forest area (sq. km),AG.LND.FRST.K2,3140
Rwanda,RWA,1990,Forest area (sq. km),AG.LND.FRST.K2,3170
Rwanda,RWA,2023,Forest area (% of land area),AG.LND.FRST.ZS,11.3092825293879
Rwanda,RWA,2022,Forest area (% of land area),AG.LND.FRST.ZS,11.2687474665586
Rwanda,RWA,2021,Forest area (% of land area),AG.LND.FRST.ZS,11.2282124037292
Rwanda,RWA,2020,Forest area (% of land area),AG.LND.FRST.ZS,11.1876773408999
Rwanda,RWA,2019,Forest area (% of land area),AG.LND.FRST.ZS,11.1471422780705
Rwanda,RWA,2018,Forest area (% of land area),AG.LND.FRST.ZS,11.1066072152412
Rwanda,RWA,2017,Forest area (% of land area),AG.LND.FRST.ZS,11.0660721524118
Rwanda,RWA,2016,Forest area (% of land area),AG.LND.FRST.ZS,11.0255370895825
Rwanda,RWA,2015,Forest area (% of land area),AG.LND.FRST.ZS,10.9444669639238
Rwanda,RWA,2014,Forest area (% of land area),AG.LND.FRST.ZS,10.9039319010944
Rwanda,RWA,2013,Forest area (% of land area),AG.LND.FRST.ZS,10.8633968382651
Rwanda,RWA,2012,Forest area (% of land area),AG.LND.FRST.ZS,10.8228617754358
Rwanda,RWA,2011,Forest area (% of land area),AG.LND.FRST.ZS,10.7823267126064
Rwanda,RWA,2010,Forest area (% of land area),AG.LND.FRST.ZS,10.7417916497771
Rwanda,RWA,2009,Forest area (% of land area),AG.LND.FRST.ZS,10.8309687880016
Rwanda,RWA,2008,Forest area (% of land area),AG.LND.FRST.ZS,10.9201459262262
Rwanda,RWA,2007,Forest area (% of land area),AG.LND.FRST.ZS,11.0093230644508
Rwanda,RWA,2006,Forest area (% of land area),AG.LND.FRST.ZS,11.0985002026753
Rwanda,RWA,2005,Forest area (% of land area),AG.LND.FRST.ZS,11.1876773408999
Rwanda,RWA,2004,Forest area (% of land area),AG.LND.FRST.ZS,11.2768544791244
Rwanda,RWA,2003,Forest area (% of land area),AG.LND.FRST.ZS,11.366031617349
Rwanda,RWA,2002,Forest area (% of land area),AG.LND.FRST.ZS,11.4552087555736
Rwanda,RWA,2001,Forest area (% of land area),AG.LND.FRST.ZS,11.5443858937981
Rwanda,RWA,2000,Forest area (% of land area),AG.LND.FRST.ZS,11.6335630320227
Rwanda,RWA,1999,Forest area (% of land area),AG.LND.FRST.ZS,11.7551682205107
Rwanda,RWA,1998,Forest area (% of land area),AG.LND.FRST.ZS,11.8767734089988
Rwanda,RWA,1997,Forest area (% of land area),AG.LND.FRST.ZS,11.9983785974868
Rwanda,RWA,1996,Forest area (% of land area),AG.LND.FRST.ZS,12.1199837859749
Rwanda,RWA,1995,Forest area (% of land area),AG.LND.FRST.ZS,12.2415889744629
Rwanda,RWA,1994,Forest area (% of land area),AG.LND.FRST.ZS,12.363194162951
Rwanda,RWA,1993,Forest area (% of land area),AG.LND.FRST.ZS,12.484799351439
Rwanda,RWA,1992,Forest area (% of land area),AG.LND.FRST.ZS,12.606404539927
Rwanda,RWA,1991,Forest area (% of land area),AG.LND.FRST.ZS,12.7280097284151
Rwanda,RWA,1990,Forest area (% of land area),AG.LND.FRST.ZS,12.8496149169031
Rwanda,RWA,2005,Agricultural irrigated land (% of total agricultural land),AG.LND.IRIG.AG.ZS,0.422115895800106
Rwanda,RWA,2022,Average precipitation in depth (mm per year),AG.LND.PRCP.MM,1212
Rwanda,RWA,2021,Average precipitation in depth (mm per year),AG.LND.PRCP.MM,1212
Rwanda,RWA,2020,Average precipitation in depth (mm per year),AG.LND.PRCP.MM,1212
Rwanda,RWA,2019,Average precipitation in depth (mm per year),AG.LND.PRCP.MM,1212
Rwanda,RWA,2018,Average precipitation in depth (mm per year),AG.LND.PRCP.MM,1212
Rwanda,RWA,2017,Average precipitation in depth (mm per year),AG.LND.PRCP.MM,1212
Rwanda,RWA,2016,Average precipitation in depth (mm per year),AG.LND.PRCP.MM,1212
Rwanda,RWA,2015,Average precipitation in depth (mm per year),AG.LND.PRCP.MM,1212
Rwanda,RWA,2014,Average precipitation in depth (mm per year),AG.LND.PRCP.MM,1212
Rwanda,RWA,2013,Average precipitation in depth (mm per year),AG.LND.PRCP.MM,1212
Rwanda,RWA,2012,Average precipitation in depth (mm per year),AG.LND.PRCP.MM,1212
Rwanda,RWA,2011,Average precipitation in depth (mm per year),AG.LND.PRCP.MM,1212
Rwanda,RWA,2010,Average precipitation in depth (mm per year),AG.LND.PRCP.MM,1212
Rwanda,RWA,2009,Average precipitation in depth (mm per year),AG.LND.PRCP.MM,1212
Rwanda,RWA,2008,Average precipitation in depth (mm per year),AG.LND.PRCP.MM,1212
Rwanda,RWA,2007,Average precipitation in depth (mm per year),AG.LND.PRCP.MM,1212
Rwanda,RWA,2006,Average precipitation in depth (mm per year),AG.LND.PRCP.MM,1212
Rwanda,RWA,2005,Average precipitation in depth (mm per year),AG.LND.PRCP.MM,1212
Rwanda,RWA,2004,Average precipitation in depth (mm per year),AG.LND.PRCP.MM,1212
Rwanda,RWA,2003,Average precipitation in depth (mm per year),AG.LND.PRCP.MM,1212
Rwanda,RWA,2002,Average precipitation in depth (mm per year),AG.LND.PRCP.MM,1212
Rwanda,RWA,2001,Average precipitation in depth (mm per year),AG.LND.PRCP.MM,1212
Rwanda,RWA,2000,Average precipitation in depth (mm per year),AG.LND.PRCP.MM,1212
Rwanda,RWA,1999,Average precipitation in depth (mm per year),AG.LND.PRCP.MM,1212
Rwanda,RWA,1998,Average precipitation in depth (mm per year),AG.LND.PRCP.MM,1212
Rwanda,RWA,1997,Average precipitation in depth (mm per year),AG.LND.PRCP.MM,1212
Rwanda,RWA,1996,Average precipitation in depth (mm per year),AG.LND.PRCP.MM,1212
Rwanda,RWA,1995,Average precipitation in depth (mm per year),AG.LND.PRCP.MM,1212
Rwanda,RWA,1994,Average precipitation in depth (mm per year),AG.LND.PRCP.MM,1212
Rwanda,RWA,1993,Average precipitation in depth (mm per year),AG.LND.PRCP.MM,1212
Rwanda,RWA,1992,Average precipitation in depth (mm per year),AG.LND.PRCP.MM,1212
Rwanda,RWA,1991,Average precipitation in depth (mm per year),AG.LND.PRCP.MM,1212
Rwanda,RWA,1990,Average precipitation in depth (mm per year),AG.LND.PRCP.MM,1212
Rwanda,RWA,1989,Average precipitation in depth (mm per year),AG.LND.PRCP.MM,1212
Rwanda,RWA,1988,Average precipitation in depth (mm per year),AG.LND.PRCP.MM,1212
Rwanda,RWA,1987,Average precipitation in depth (mm per year),AG.LND.PRCP.MM,1212
Rwanda,RWA,1986,Average precipitation in depth (mm per year),AG.LND.PRCP.MM,1212
Rwanda,RWA,1985,Average precipitation in depth (mm per year),AG.LND.PRCP.MM,1212
Rwanda,RWA,1984,Average precipitation in depth (mm per year),AG.LND.PRCP.MM,1212
Rwanda,RWA,1983,Average precipitation in depth (mm per year),AG.LND.PRCP.MM,1212
Rwanda,RWA,1982,Average precipitation in depth (mm per year),AG.LND.PRCP.MM,1212
Rwanda,RWA,1981,Average precipitation in depth (mm per year),AG.LND.PRCP.MM,1212
Rwanda,RWA,1980,Average precipitation in depth (mm per year),AG.LND.PRCP.MM,1212
Rwanda,RWA,1979,Average precipitation in depth (mm per year),AG.LND.PRCP.MM,1212
Rwanda,RWA,1978,Average precipitation in depth (mm per year),AG.LND.PRCP.MM,1212
Rwanda,RWA,1977,Average precipitation in depth (mm per year),AG.LND.PRCP.MM,1212
Rwanda,RWA,1976,Average precipitation in depth (mm per year),AG.LND.PRCP.MM,1212
Rwanda,RWA,1975,Average precipitation in depth (mm per year),AG.LND.PRCP.MM,1212
Rwanda,RWA,1974,Average precipitation in depth (mm per year),AG.LND.PRCP.MM,1212
Rwanda,RWA,1973,Average precipitation in depth (mm per year),AG.LND.PRCP.MM,1212
Rwanda,RWA,1972,Average precipitation in depth (mm per year),AG.LND.PRCP.MM,1212
Rwanda,RWA,1971,Average precipitation in depth (mm per year),AG.LND.PRCP.MM,1212
Rwanda,RWA,1970,Average precipitation in depth (mm per year),AG.LND.PRCP.MM,1212
Rwanda,RWA,1969,Average precipitation in depth (mm per year),AG.LND.PRCP.MM,1212
Rwanda,RWA,1968,Average precipitation in depth (mm per year),AG.LND.PRCP.MM,1212
Rwanda,RWA,1967,Average precipitation in depth (mm per year),AG.LND.PRCP.MM,1212
Rwanda,RWA,1966,Average precipitation in depth (mm per year),AG.LND.PRCP.MM,1212
Rwanda,RWA,1965,Average precipitation in depth (mm per year),AG.LND.PRCP.MM,1212
Rwanda,RWA,1964,Average precipitation in depth (mm per year),AG.LND.PRCP.MM,1212
Rwanda,RWA,1963,Average precipitation in depth (mm per year),AG.LND.PRCP.MM,1212
Rwanda,RWA,1962,Average precipitation in depth (mm per year),AG.LND.PRCP.MM,1212
Rwanda,RWA,1961,Average precipitation in depth (mm per year),AG.LND.PRCP.MM,1212
Rwanda,RWA,2024,Cereal yield (kg per hectare),AG.YLD.CREL.KG,1784
Rwanda,RWA,2023,Cereal yield (kg per hectare),AG.YLD.CREL.KG,1605.1
Rwanda,RWA,2022,Cereal yield (kg per hectare),AG.YLD.CREL.KG,1510.7
Rwanda,RWA,2021,Cereal yield (kg per hectare),AG.YLD.CREL.KG,1519
Rwanda,RWA,2020,Cereal yield (kg per hectare),AG.YLD.CREL.KG,1473.6
Rwanda,RWA,2019,Cereal yield (kg per hectare),AG.YLD.CREL.KG,1443.2
Rwanda,RWA,2018,Cereal yield (kg per hectare),AG.YLD.CREL.KG,1441.4
Rwanda,RWA,2017,Cereal yield (kg per hectare),AG.YLD.CREL.KG,1387.1
Rwanda,RWA,2016,Cereal yield (kg per hectare),AG.YLD.CREL.KG,1446.7
Rwanda,RWA,2015,Cereal yield (kg per hectare),AG.YLD.CREL.KG,1428.8
Rwanda,RWA,2014,Cereal yield (kg per hectare),AG.YLD.CREL.KG,1408
Rwanda,RWA,2013,Cereal yield (kg per hectare),AG.YLD.CREL.KG,2129
Rwanda,RWA,2012,Cereal yield (kg per hectare),AG.YLD.CREL.KG,2113.5
Rwanda,RWA,2011,Cereal yield (kg per hectare),AG.YLD.CREL.KG,2089.4
Rwanda,RWA,2010,Cereal yield (kg per hectare),AG.YLD.CREL.KG,1965.8
Rwanda,RWA,2009,Cereal yield (kg per hectare),AG.YLD.CREL.KG,1734.1
Rwanda,RWA,2008,Cereal yield (kg per hectare),AG.YLD.CREL.KG,1266.5
Rwanda,RWA,2007,Cereal yield (kg per hectare),AG.YLD.CREL.KG,1015
Rwanda,RWA,2006,Cereal yield (kg per hectare),AG.YLD.CREL.KG,1137.9
Rwanda,RWA,2005,Cereal yield (kg per hectare),AG.YLD.CREL.KG,1183.6
Rwanda,RWA,2004,Cereal yield (kg per hectare),AG.YLD.CREL.KG,959.3
Rwanda,RWA,2003,Cereal yield (kg per hectare),AG.YLD.CREL.KG,941.9
Rwanda,RWA,2002,Cereal yield (kg per hectare),AG.YLD.CREL.KG,1028.4
Rwanda,RWA,2001,Cereal yield (kg per hectare),AG.YLD.CREL.KG,913
Rwanda,RWA,2000,Cereal yield (kg per hectare),AG.YLD.CREL.KG,848.3
Rwanda,RWA,1999,Cereal yield (kg per hectare),AG.YLD.CREL.KG,824.8
Rwanda,RWA,1998,Cereal yield (kg per hectare),AG.YLD.CREL.KG,972.6
Rwanda,RWA,1997,Cereal yield (kg per hectare),AG.YLD.CREL.KG,1129.1
Rwanda,RWA,1996,Cereal yield (kg per hectare),AG.YLD.CREL.KG,1263
Rwanda,RWA,1995,Cereal yield (kg per hectare),AG.YLD.CREL.KG,1139.5
Rwanda,RWA,1994,Cereal yield (kg per hectare),AG.YLD.CREL.KG,1028.7
Rwanda,RWA,1993,Cereal yield (kg per hectare),AG.YLD.CREL.KG,1446.1
Rwanda,RWA,1992,Cereal yield (kg per hectare),AG.YLD.CREL.KG,951.1
Rwanda,RWA,1991,Cereal yield (kg per hectare),AG.YLD.CREL.KG,1237.2
Rwanda,RWA,1990,Cereal yield (kg per hectare),AG.YLD.CREL.KG,1042.6
Rwanda,RWA,1989,Cereal yield (kg per hectare),AG.YLD.CREL.KG,1154.6
Rwanda,RWA,1988,Cereal yield (kg per hectare),AG.YLD.CREL.KG,1216.2
Rwanda,RWA,1987,Cereal yield (kg per hectare),AG.YLD.CREL.KG,1282.9
Rwanda,RWA,1986,Cereal yield (kg per hectare),AG.YLD.CREL.KG,1243.8
Rwanda,RWA,1985,Cereal yield (kg per hectare),AG.YLD.CREL.KG,1226.3
Rwanda,RWA,1984,Cereal yield (kg per hectare),AG.YLD.CREL.KG,1065.5
Rwanda,RWA,1983,Cereal yield (kg per hectare),AG.YLD.CREL.KG,1157.7
Rwanda,RWA,1982,Cereal yield (kg per hectare),AG.YLD.CREL.KG,1199.1
Rwanda,RWA,1981,Cereal yield (kg per hectare),AG.YLD.CREL.KG,1105.3
Rwanda,RWA,1980,Cereal yield (kg per hectare),AG.YLD.CREL.KG,1211.9
Rwanda,RWA,1979,Cereal yield (kg per hectare),AG.YLD.CREL.KG,1086.3
Rwanda,RWA,1978,Cereal yield (kg per hectare),AG.YLD.CREL.KG,1114.5
Rwanda,RWA,1977,Cereal yield (kg per hectare),AG.YLD.CREL.KG,1110.1
Rwanda,RWA,1976,Cereal yield (kg per hectare),AG.YLD.CREL.KG,1097.4
Rwanda,RWA,1975,Cereal yield (kg per hectare),AG.YLD.CREL.KG,1074.8
Rwanda,RWA,1974,Cereal yield (kg per hectare),AG.YLD.CREL.KG,936
Rwanda,RWA,1973,Cereal yield (kg per hectare),AG.YLD.CREL.KG,1049.1
Rwanda,RWA,1972,Cereal yield (kg per hectare),AG.YLD.CREL.KG,1066.9
Rwanda,RWA,1971,Cereal yield (kg per hectare),AG.YLD.CREL.KG,1074.4
Rwanda,RWA,1970,Cereal yield (kg per hectare),AG.YLD.CREL.KG,1122.1
Rwanda,RWA,1969,Cereal yield (kg per hectare),AG.YLD.CREL.KG,995.1
Rwanda,RWA,1968,Cereal yield (kg per hectare),AG.YLD.CREL.KG,958.6
Rwanda,RWA,1967,Cereal yield (kg per hectare),AG.YLD.CREL.KG,1067.1
Rwanda,RWA,1966,Cereal yield (kg per hectare),AG.YLD.CREL.KG,1070
Rwanda,RWA,1965,Cereal yield (kg per hectare),AG.YLD.CREL.KG,1454.2
Rwanda,RWA,1964,Cereal yield (kg per hectare),AG.YLD.CREL.KG,1361.9
Rwanda,RWA,1963,Cereal yield (kg per hectare),AG.YLD.CREL.KG,1437.5
Rwanda,RWA,1962,Cereal yield (kg per hectare),AG.YLD.CREL.KG,1359.1
Rwanda,RWA,1961,Cereal yield (kg per hectare),AG.YLD.CREL.KG,854
Rwanda,RWA,2024,"Foreign direct investment, net inflows (% of GDP)",BX.KLT.DINV.WD.GD.ZS,3.79145567191588
Rwanda,RWA,2023,"Foreign direct investment, net inflows (% of GDP)",BX.KLT.DINV.WD.GD.ZS,3.09083144958541
Rwanda,RWA,2022,"Foreign direct investment, net inflows (% of GDP)",BX.KLT.DINV.WD.GD.ZS,2.21934152301495
Rwanda,RWA,2021,"Foreign direct investment, net inflows (% of GDP)",BX.KLT.DINV.WD.GD.ZS,2.07399909664917
Rwanda,RWA,2020,"Foreign direct investment, net inflows (% of GDP)",BX.KLT.DINV.WD.GD.ZS,1.45524928576719
Rwanda,RWA,2019,"Foreign direct investment, net inflows (% of GDP)",BX.KLT.DINV.WD.GD.ZS,2.50181125622142
Rwanda,RWA,2018,"Foreign direct investment, net inflows (% of GDP)",BX.KLT.DINV.WD.GD.ZS,3.79467565710856
Rwanda,RWA,2017,"Foreign direct investment, net inflows (% of GDP)",BX.KLT.DINV.WD.GD.ZS,2.99013161776386
Rwanda,RWA,2016,"Foreign direct investment, net inflows (% of GDP)",BX.KLT.DINV.WD.GD.ZS,3.25408209196111
Rwanda,RWA,2015,"Foreign direct investment, net inflows (% of GDP)",BX.KLT.DINV.WD.GD.ZS,1.91881841411753
Rwanda,RWA,2014,"Foreign direct investment, net inflows (% of GDP)",BX.KLT.DINV.WD.GD.ZS,3.86221109540585
Rwanda,RWA,2013,"Foreign direct investment, net inflows (% of GDP)",BX.KLT.DINV.WD.GD.ZS,3.03027485323662
Rwanda,RWA,2012,"Foreign direct investment, net inflows (% of GDP)",BX.KLT.DINV.WD.GD.ZS,3.56791329338291
Rwanda,RWA,2011,"Foreign direct investment, net inflows (% of GDP)",BX.KLT.DINV.WD.GD.ZS,1.64828569312654
Rwanda,RWA,2010,"Foreign direct investment, net inflows (% of GDP)",BX.KLT.DINV.WD.GD.ZS,3.57208683219563
Rwanda,RWA,2009,"Foreign direct investment, net inflows (% of GDP)",BX.KLT.DINV.WD.GD.ZS,2.11782169516035
Rwanda,RWA,2008,"Foreign direct investment, net inflows (% of GDP)",BX.KLT.DINV.WD.GD.ZS,1.99759586428198
Rwanda,RWA,2007,"Foreign direct investment, net inflows (% of GDP)",BX.KLT.DINV.WD.GD.ZS,2.04787532696933
Rwanda,RWA,2006,"Foreign direct investment, net inflows (% of GDP)",BX.KLT.DINV.WD.GD.ZS,0.935920091556034
Rwanda,RWA,2005,"Foreign direct investment, net inflows (% of GDP)",BX.KLT.DINV.WD.GD.ZS,0.271318643761601
Rwanda,RWA,2004,"Foreign direct investment, net inflows (% of GDP)",BX.KLT.DINV.WD.GD.ZS,0.324006427230548
Rwanda,RWA,2003,"Foreign direct investment, net inflows (% of GDP)",BX.KLT.DINV.WD.GD.ZS,0.219807223769547
Rwanda,RWA,2002,"Foreign direct investment, net inflows (% of GDP)",BX.KLT.DINV.WD.GD.ZS,0.0762969152415173
Rwanda,RWA,2001,"Foreign direct investment, net inflows (% of GDP)",BX.KLT.DINV.WD.GD.ZS,0.940709512317624
Rwanda,RWA,2000,"Foreign direct investment, net inflows (% of GDP)",BX.KLT.DINV.WD.GD.ZS,0.391524366669991
Rwanda,RWA,1999,"Foreign direct investment, net inflows (% of GDP)",BX.KLT.DINV.WD.GD.ZS,0.0806635452643209
Rwanda,RWA,1998,"Foreign direct investment, net inflows (% of GDP)",BX.KLT.DINV.WD.GD.ZS,0.356901652992421
Rwanda,RWA,1997,"Foreign direct investment, net inflows (% of GDP)",BX.KLT.DINV.WD.GD.ZS,0.139882181600427
Rwanda,RWA,1996,"Foreign direct investment, net inflows (% of GDP)",BX.KLT.DINV.WD.GD.ZS,0.160597843045858
Rwanda,RWA,1995,"Foreign direct investment, net inflows (% of GDP)",BX.KLT.DINV.WD.GD.ZS,0.154615043337175
Rwanda,RWA,1994,"Foreign direct investment, net inflows (% of GDP)",BX.KLT.DINV.WD.GD.ZS,0.000132689986736822
Rwanda,RWA,1993,"Foreign direct investment, net inflows (% of GDP)",BX.KLT.DINV.WD.GD.ZS,0.296217288211986
Rwanda,RWA,1992,"Foreign direct investment, net inflows (% of GDP)",BX.KLT.DINV.WD.GD.ZS,0.271065890409571
Rwanda,RWA,1991,"Foreign direct investment, net inflows (% of GDP)",BX.KLT.DINV.WD.GD.ZS,0.239589842694689
Rwanda,RWA,1990,"Foreign direct investment, net inflows (% of GDP)",BX.KLT.DINV.WD.GD.ZS,0.300370285298631
Rwanda,RWA,1989,"Foreign direct investment, net inflows (% of GDP)",BX.KLT.DINV.WD.GD.ZS,0.64614777194589
Rwanda,RWA,1988,"Foreign direct investment, net inflows (% of GDP)",BX.KLT.DINV.WD.GD.ZS,0.878733636545048
Rwanda,RWA,1987,"Foreign direct investment, net inflows (% of GDP)",BX.KLT.DINV.WD.GD.ZS,0.813466870285487
Rwanda,RWA,1986,"Foreign direct investment, net inflows (% of GDP)",BX.KLT.DINV.WD.GD.ZS,0.903990503346972
Rwanda,RWA,1985,"Foreign direct investment, net inflows (% of GDP)",BX.KLT.DINV.WD.GD.ZS,0.852166910654863
Rwanda,RWA,1984,"Foreign direct investment, net inflows (% of GDP)",BX.KLT.DINV.WD.GD.ZS,0.949343315388625
Rwanda,RWA,1983,"Foreign direct investment, net inflows (% of GDP)",BX.KLT.DINV.WD.GD.ZS,0.751509980754121
Rwanda,RWA,1982,"Foreign direct investment, net inflows (% of GDP)",BX.KLT.DINV.WD.GD.ZS,1.47096115250543
Rwanda,RWA,1981,"Foreign direct investment, net inflows (% of GDP)",BX.KLT.DINV.WD.GD.ZS,1.28139294842103
Rwanda,RWA,1980,"Foreign direct investment, net inflows (% of GDP)",BX.KLT.DINV.WD.GD.ZS,1.30861090361712
Rwanda,RWA,1979,"Foreign direct investment, net inflows (% of GDP)",BX.KLT.DINV.WD.GD.ZS,1.13309990895651
Rwanda,RWA,1978,"Foreign direct investment, net inflows (% of GDP)",BX.KLT.DINV.WD.GD.ZS,0.517826322163149
Rwanda,RWA,1977,"Foreign direct investment, net inflows (% of GDP)",BX.KLT.DINV.WD.GD.ZS,0.662960682482578
Rwanda,RWA,1976,"Foreign direct investment, net inflows (% of GDP)",BX.KLT.DINV.WD.GD.ZS,0.9188497993709
Rwanda,RWA,1975,"Foreign direct investment, net inflows (% of GDP)",BX.KLT.DINV.WD.GD.ZS,0.524600713047195
Rwanda,RWA,1974,"Foreign direct investment, net inflows (% of GDP)",BX.KLT.DINV.WD.GD.ZS,0.713224160735655
Rwanda,RWA,1973,"Foreign direct investment, net inflows (% of GDP)",BX.KLT.DINV.WD.GD.ZS,0.687885274084742
Rwanda,RWA,1972,"Foreign direct investment, net inflows (% of GDP)",BX.KLT.DINV.WD.GD.ZS,0.202874456486337
Rwanda,RWA,1971,"Foreign direct investment, net inflows (% of GDP)",BX.KLT.DINV.WD.GD.ZS,0.762494238181644
Rwanda,RWA,1970,"Foreign direct investment, net inflows (% of GDP)",BX.KLT.DINV.WD.GD.ZS,0.0272851288595336
Rwanda,RWA,2024,Access to electricity (% of population),EG.ELC.ACCS.ZS,72
Rwanda,RWA,2023,Access to electricity (% of population),EG.ELC.ACCS.ZS,63.9
Rwanda,RWA,2022,Access to electricity (% of population),EG.ELC.ACCS.ZS,50.6
Rwanda,RWA,2021,Access to electricity (% of population),EG.ELC.ACCS.ZS,48.7
Rwanda,RWA,2020,Access to electricity (% of population),EG.ELC.ACCS.ZS,45.2
Rwanda,RWA,2019,Access to electricity (% of population),EG.ELC.ACCS.ZS,46.6
Rwanda,RWA,2018,Access to electricity (% of population),EG.ELC.ACCS.ZS,38
Rwanda,RWA,2017,Access to electricity (% of population),EG.ELC.ACCS.ZS,34.1
Rwanda,RWA,2016,Access to electricity (% of population),EG.ELC.ACCS.ZS,29.4
Rwanda,RWA,2015,Access to electricity (% of population),EG.ELC.ACCS.ZS,22.8
Rwanda,RWA,2014,Access to electricity (% of population),EG.ELC.ACCS.ZS,19.8
Rwanda,RWA,2013,Access to electricity (% of population),EG.ELC.ACCS.ZS,15.2
Rwanda,RWA,2012,Access to electricity (% of population),EG.ELC.ACCS.ZS,17.5
Rwanda,RWA,2011,Access to electricity (% of population),EG.ELC.ACCS.ZS,10.8
Rwanda,RWA,2010,Access to electricity (% of population),EG.ELC.ACCS.ZS,9.7
Rwanda,RWA,2009,Access to electricity (% of population),EG.ELC.ACCS.ZS,15.6
Rwanda,RWA,2008,Access to electricity (% of population),EG.ELC.ACCS.ZS,6
Rwanda,RWA,2007,Access to electricity (% of population),EG.ELC.ACCS.ZS,12.8
Rwanda,RWA,2006,Access to electricity (% of population),EG.ELC.ACCS.ZS,11.4
Rwanda,RWA,2005,Access to electricity (% of population),EG.ELC.ACCS.ZS,4.8
Rwanda,RWA,2004,Access to electricity (% of population),EG.ELC.ACCS.ZS,8.7
Rwanda,RWA,2003,Access to electricity (% of population),EG.ELC.ACCS.ZS,7.4
Rwanda,RWA,2002,Access to electricity (% of population),EG.ELC.ACCS.ZS,6
Rwanda,RWA,2001,Access to electricity (% of population),EG.ELC.ACCS.ZS,4.7
Rwanda,RWA,2000,Access to electricity (% of population),EG.ELC.ACCS.ZS,6.2
Rwanda,RWA,1999,Access to electricity (% of population),EG.ELC.ACCS.ZS,3.31557703018188
Rwanda,RWA,1998,Access to electricity (% of population),EG.ELC.ACCS.ZS,2.17412757873535
Rwanda,RWA,1997,Access to electricity (% of population),EG.ELC.ACCS.ZS,1.02783596515656
Rwanda,RWA,1992,Access to electricity (% of population),EG.ELC.ACCS.ZS,2.3
Rwanda,RWA,2023,Electricity production from coal sources (% of total),EG.ELC.COAL.ZS,14.3097643097643
Rwanda,RWA,2022,Electricity production from coal sources (% of total),EG.ELC.COAL.ZS,11.9536128456735
Rwanda,RWA,2021,Electricity production from coal sources (% of total),EG.ELC.COAL.ZS,4.22535211267606
Rwanda,RWA,2020,Electricity production from coal sources (% of total),EG.ELC.COAL.ZS,2.93785310734463
Rwanda,RWA,2019,Electricity production from coal sources (% of total),EG.ELC.COAL.ZS,2.21703617269545
Rwanda,RWA,2018,Electricity production from coal sources (% of total),EG.ELC.COAL.ZS,3.46153846153846
Rwanda,RWA,2017,Electricity production from coal sources (% of total),EG.ELC.COAL.ZS,4.10958904109589
Rwanda,RWA,2016,Electricity production from coal sources (% of total),EG.ELC.COAL.ZS,2.14781297134238
Rwanda,RWA,2015,Electricity production from coal sources (% of total),EG.ELC.COAL.ZS,0
Rwanda,RWA,2014,Electricity production from coal sources (% of total),EG.ELC.COAL.ZS,0
Rwanda,RWA,2013,Electricity production from coal sources (% of total),EG.ELC.COAL.ZS,0
Rwanda,RWA,2012,Electricity production from coal sources (% of total),EG.ELC.COAL.ZS,0
Rwanda,RWA,2011,Electricity production from coal sources (% of total),EG.ELC.COAL.ZS,0
Rwanda,RWA,2010,Electricity production from coal sources (% of total),EG.ELC.COAL.ZS,0
Rwanda,RWA,2009,Electricity production from coal sources (% of total),EG.ELC.COAL.ZS,0
Rwanda,RWA,2008,Electricity production from coal sources (% of total),EG.ELC.COAL.ZS,0
Rwanda,RWA,2007,Electricity production from coal sources (% of total),EG.ELC.COAL.ZS,0
Rwanda,RWA,2006,Electricity production from coal sources (% of total),EG.ELC.COAL.ZS,0
Rwanda,RWA,2005,Electricity production from coal sources (% of total),EG.ELC.COAL.ZS,0
Rwanda,RWA,2004,Electricity production from coal sources (% of total),EG.ELC.COAL.ZS,0
Rwanda,RWA,2003,Electricity production from coal sources (% of total),EG.ELC.COAL.ZS,0
Rwanda,RWA,2002,Electricity production from coal sources (% of total),EG.ELC.COAL.ZS,0
Rwanda,RWA,2001,Electricity production from coal sources (% of total),EG.ELC.COAL.ZS,0
Rwanda,RWA,2000,Electricity production from coal sources (% of total),EG.ELC.COAL.ZS,0
Rwanda,RWA,2023,Electricity production from hydroelectric sources (% of total),EG.ELC.HYRO.ZS,49.6632996632997
Rwanda,RWA,2022,Electricity production from hydroelectric sources (% of total),EG.ELC.HYRO.ZS,49.4201605709188
Rwanda,RWA,2021,Electricity production from hydroelectric sources (% of total),EG.ELC.HYRO.ZS,54.728370221328
Rwanda,RWA,2020,Electricity production from hydroelectric sources (% of total),EG.ELC.HYRO.ZS,59.5480225988701
Rwanda,RWA,2019,Electricity production from hydroelectric sources (% of total),EG.ELC.HYRO.ZS,46.9078179696616
Rwanda,RWA,2018,Electricity production from hydroelectric sources (% of total),EG.ELC.HYRO.ZS,39.7435897435897
Rwanda,RWA,2017,Electricity production from hydroelectric sources (% of total),EG.ELC.HYRO.ZS,42.3135464231355
Rwanda,RWA,2016,Electricity production from hydroelectric sources (% of total),EG.ELC.HYRO.ZS,49.0196078431373
Rwanda,RWA,2015,Electricity production from hydroelectric sources (% of total),EG.ELC.HYRO.ZS,53.5104364326376
Rwanda,RWA,2014,Electricity production from hydroelectric sources (% of total),EG.ELC.HYRO.ZS,48.4560570071259
Rwanda,RWA,2013,Electricity production from hydroelectric sources (% of total),EG.ELC.HYRO.ZS,39.8373983739837
Rwanda,RWA,2012,Electricity production from hydroelectric sources (% of total),EG.ELC.HYRO.ZS,46.0559796437659
Rwanda,RWA,2011,Electricity production from hydroelectric sources (% of total),EG.ELC.HYRO.ZS,42.816091954023
Rwanda,RWA,2010,Electricity production from hydroelectric sources (% of total),EG.ELC.HYRO.ZS,39.0243902439024
Rwanda,RWA,2009,Electricity production from hydroelectric sources (% of total),EG.ELC.HYRO.ZS,51.6025641025641
Rwanda,RWA,2008,Electricity production from hydroelectric sources (% of total),EG.ELC.HYRO.ZS,55.0877192982456
Rwanda,RWA,2007,Electricity production from hydroelectric sources (% of total),EG.ELC.HYRO.ZS,48.4126984126984
Rwanda,RWA,2006,Electricity production from hydroelectric sources (% of total),EG.ELC.HYRO.ZS,47.7443609022556
Rwanda,RWA,2005,Electricity production from hydroelectric sources (% of total),EG.ELC.HYRO.ZS,51.8324607329843
Rwanda,RWA,2004,Electricity production from hydroelectric sources (% of total),EG.ELC.HYRO.ZS,57.5342465753425
Rwanda,RWA,2003,Electricity production from hydroelectric sources (% of total),EG.ELC.HYRO.ZS,65.5555555555556
Rwanda,RWA,2002,Electricity production from hydroelectric sources (% of total),EG.ELC.HYRO.ZS,57.3099415204678
Rwanda,RWA,2001,Electricity production from hydroelectric sources (% of total),EG.ELC.HYRO.ZS,59.3333333333333
Rwanda,RWA,2000,Electricity production from hydroelectric sources (% of total),EG.ELC.HYRO.ZS,62.874251497006
Rwanda,RWA,1999,Electricity production from hydroelectric sources (% of total),EG.ELC.HYRO.ZS,100
Rwanda,RWA,1998,Electricity production from hydroelectric sources (% of total),EG.ELC.HYRO.ZS,100
Rwanda,RWA,1997,Electricity production from hydroelectric sources (% of total),EG.ELC.HYRO.ZS,100
Rwanda,RWA,1996,Electricity production from hydroelectric sources (% of total),EG.ELC.HYRO.ZS,100
Rwanda,RWA,1995,Electricity production from hydroelectric sources (% of total),EG.ELC.HYRO.ZS,100
Rwanda,RWA,1994,Electricity production from hydroelectric sources (% of total),EG.ELC.HYRO.ZS,100
Rwanda,RWA,1993,Electricity production from hydroelectric sources (% of total),EG.ELC.HYRO.ZS,100
Rwanda,RWA,1992,Electricity production from hydroelectric sources (% of total),EG.ELC.HYRO.ZS,100
Rwanda,RWA,1991,Electricity production from hydroelectric sources (% of total),EG.ELC.HYRO.ZS,100
Rwanda,RWA,1990,Electricity production from hydroelectric sources (% of total),EG.ELC.HYRO.ZS,100
Rwanda,RWA,2023,Electricity production from natural gas sources (% of total),EG.ELC.NGAS.ZS,25.1683501683502
Rwanda,RWA,2022,Electricity production from natural gas sources (% of total),EG.ELC.NGAS.ZS,18.6440677966102
Rwanda,RWA,2021,Electricity production from natural gas sources (% of total),EG.ELC.NGAS.ZS,22.0321931589537
Rwanda,RWA,2020,Electricity production from natural gas sources (% of total),EG.ELC.NGAS.ZS,23.1638418079096
Rwanda,RWA,2019,Electricity production from natural gas sources (% of total),EG.ELC.NGAS.ZS,24.6207701283547
Rwanda,RWA,2018,Electricity production from natural gas sources (% of total),EG.ELC.NGAS.ZS,22.9487179487179
Rwanda,RWA,2017,Electricity production from natural gas sources (% of total),EG.ELC.NGAS.ZS,16.5905631659056
Rwanda,RWA,2016,Electricity production from natural gas sources (% of total),EG.ELC.NGAS.ZS,15.8371040723982
Rwanda,RWA,2015,Electricity production from natural gas sources (% of total),EG.ELC.NGAS.ZS,4.36432637571157
Rwanda,RWA,2014,Electricity production from natural gas sources (% of total),EG.ELC.NGAS.ZS,3.80047505938242
Rwanda,RWA,2013,Electricity production from natural gas sources (% of total),EG.ELC.NGAS.ZS,2.710027100271
Rwanda,RWA,2012,Electricity production from natural gas sources (% of total),EG.ELC.NGAS.ZS,2.29007633587786
Rwanda,RWA,2011,Electricity production from natural gas sources (% of total),EG.ELC.NGAS.ZS,1.72413793103448
Rwanda,RWA,2010,Electricity production from natural gas sources (% of total),EG.ELC.NGAS.ZS,3.13588850174216
Rwanda,RWA,2009,Electricity production from natural gas sources (% of total),EG.ELC.NGAS.ZS,0.961538461538462
Rwanda,RWA,2008,Electricity production from natural gas sources (% of total),EG.ELC.NGAS.ZS,0
Rwanda,RWA,2007,Electricity production from natural gas sources (% of total),EG.ELC.NGAS.ZS,0
Rwanda,RWA,2006,Electricity production from natural gas sources (% of total),EG.ELC.NGAS.ZS,0
Rwanda,RWA,2005,Electricity production from natural gas sources (% of total),EG.ELC.NGAS.ZS,0
Rwanda,RWA,2004,Electricity production from natural gas sources (% of total),EG.ELC.NGAS.ZS,0
Rwanda,RWA,2003,Electricity production from natural gas sources (% of total),EG.ELC.NGAS.ZS,0
Rwanda,RWA,2002,Electricity production from natural gas sources (% of total),EG.ELC.NGAS.ZS,0
Rwanda,RWA,2001,Electricity production from natural gas sources (% of total),EG.ELC.NGAS.ZS,0
Rwanda,RWA,2000,Electricity production from natural gas sources (% of total),EG.ELC.NGAS.ZS,0
Rwanda,RWA,2021,Electricity production from nuclear sources (% of total),EG.ELC.NUCL.ZS,0
Rwanda,RWA,2020,Electricity production from nuclear sources (% of total),EG.ELC.NUCL.ZS,0
Rwanda,RWA,2019,Electricity production from nuclear sources (% of total),EG.ELC.NUCL.ZS,0
Rwanda,RWA,2018,Electricity production from nuclear sources (% of total),EG.ELC.NUCL.ZS,0
Rwanda,RWA,2017,Electricity production from nuclear sources (% of total),EG.ELC.NUCL.ZS,0
Rwanda,RWA,2016,Electricity production from nuclear sources (% of total),EG.ELC.NUCL.ZS,0
Rwanda,RWA,2015,Electricity production from nuclear sources (% of total),EG.ELC.NUCL.ZS,0
Rwanda,RWA,2014,Electricity production from nuclear sources (% of total),EG.ELC.NUCL.ZS,0
Rwanda,RWA,2013,Electricity production from nuclear sources (% of total),EG.ELC.NUCL.ZS,0
Rwanda,RWA,2012,Electricity production from nuclear sources (% of total),EG.ELC.NUCL.ZS,0
Rwanda,RWA,2011,Electricity production from nuclear sources (% of total),EG.ELC.NUCL.ZS,0
Rwanda,RWA,2010,Electricity production from nuclear sources (% of total),EG.ELC.NUCL.ZS,0
Rwanda,RWA,2009,Electricity production from nuclear sources (% of total),EG.ELC.NUCL.ZS,0
Rwanda,RWA,2008,Electricity production from nuclear sources (% of total),EG.ELC.NUCL.ZS,0
Rwanda,RWA,2007,Electricity production from nuclear sources (% of total),EG.ELC.NUCL.ZS,0
Rwanda,RWA,2006,Electricity production from nuclear sources (% of total),EG.ELC.NUCL.ZS,0
Rwanda,RWA,2005,Electricity production from nuclear sources (% of total),EG.ELC.NUCL.ZS,0
Rwanda,RWA,2004,Electricity production from nuclear sources (% of total),EG.ELC.NUCL.ZS,0
Rwanda,RWA,2003,Electricity production from nuclear sources (% of total),EG.ELC.NUCL.ZS,0
Rwanda,RWA,2002,Electricity production from nuclear sources (% of total),EG.ELC.NUCL.ZS,0
Rwanda,RWA,2001,Electricity production from nuclear sources (% of total),EG.ELC.NUCL.ZS,0
Rwanda,RWA,2000,Electricity production from nuclear sources (% of total),EG.ELC.NUCL.ZS,0
Rwanda,RWA,2023,Electricity production from oil sources (% of total),EG.ELC.PETR.ZS,7.23905723905724
Rwanda,RWA,2022,Electricity production from oil sources (% of total),EG.ELC.PETR.ZS,16.3247100802855
Rwanda,RWA,2021,Electricity production from oil sources (% of total),EG.ELC.PETR.ZS,14.989939637827
Rwanda,RWA,2020,Electricity production from oil sources (% of total),EG.ELC.PETR.ZS,10.1694915254237
Rwanda,RWA,2019,Electricity production from oil sources (% of total),EG.ELC.PETR.ZS,22.1703617269545
Rwanda,RWA,2018,Electricity production from oil sources (% of total),EG.ELC.PETR.ZS,30.2564102564103
Rwanda,RWA,2017,Electricity production from oil sources (% of total),EG.ELC.PETR.ZS,33.0289193302892
Rwanda,RWA,2016,Electricity production from oil sources (% of total),EG.ELC.PETR.ZS,31.8250377073906
Rwanda,RWA,2015,Electricity production from oil sources (% of total),EG.ELC.PETR.ZS,38.3301707779886
Rwanda,RWA,2014,Electricity production from oil sources (% of total),EG.ELC.PETR.ZS,45.6057007125891
Rwanda,RWA,2013,Electricity production from oil sources (% of total),EG.ELC.PETR.ZS,56.639566395664
Rwanda,RWA,2012,Electricity production from oil sources (% of total),EG.ELC.PETR.ZS,51.1450381679389
Rwanda,RWA,2011,Electricity production from oil sources (% of total),EG.ELC.PETR.ZS,54.8850574712644
Rwanda,RWA,2010,Electricity production from oil sources (% of total),EG.ELC.PETR.ZS,57.1428571428571
Rwanda,RWA,2009,Electricity production from oil sources (% of total),EG.ELC.PETR.ZS,46.7948717948718
Rwanda,RWA,2008,Electricity production from oil sources (% of total),EG.ELC.PETR.ZS,44.5614035087719
Rwanda,RWA,2007,Electricity production from oil sources (% of total),EG.ELC.PETR.ZS,50.7936507936508
Rwanda,RWA,2006,Electricity production from oil sources (% of total),EG.ELC.PETR.ZS,51.8796992481203
Rwanda,RWA,2005,Electricity production from oil sources (% of total),EG.ELC.PETR.ZS,47.6439790575916
Rwanda,RWA,2004,Electricity production from oil sources (% of total),EG.ELC.PETR.ZS,41.7808219178082
Rwanda,RWA,2003,Electricity production from oil sources (% of total),EG.ELC.PETR.ZS,33.8888888888889
Rwanda,RWA,2002,Electricity production from oil sources (% of total),EG.ELC.PETR.ZS,42.1052631578947
Rwanda,RWA,2001,Electricity production from oil sources (% of total),EG.ELC.PETR.ZS,40
Rwanda,RWA,2000,Electricity production from oil sources (% of total),EG.ELC.PETR.ZS,36.5269461077844
Rwanda,RWA,2021,Renewable electricity output (% of total electricity output),EG.ELC.RNEW.ZS,59.8933601609658
Rwanda,RWA,2020,Renewable electricity output (% of total electricity output),EG.ELC.RNEW.ZS,63.3265536723164
Rwanda,RWA,2019,Renewable electricity output (% of total electricity output),EG.ELC.RNEW.ZS,51.1283547257876
Rwanda,RWA,2018,Renewable electricity output (% of total electricity output),EG.ELC.RNEW.ZS,47.2217948717949
Rwanda,RWA,2017,Renewable electricity output (% of total electricity output),EG.ELC.RNEW.ZS,50.5372907153729
Rwanda,RWA,2016,Renewable electricity output (% of total electricity output),EG.ELC.RNEW.ZS,52.9984917043741
Rwanda,RWA,2015,Renewable electricity output (% of total electricity output),EG.ELC.RNEW.ZS,66.022770398482
Rwanda,RWA,2014,Renewable electricity output (% of total electricity output),EG.ELC.RNEW.ZS,72.4536817102138
Rwanda,RWA,2013,Renewable electricity output (% of total electricity output),EG.ELC.RNEW.ZS,67.5365853658537
Rwanda,RWA,2012,Renewable electricity output (% of total electricity output),EG.ELC.RNEW.ZS,69.8905852417303
Rwanda,RWA,2011,Renewable electricity output (% of total electricity output),EG.ELC.RNEW.ZS,65.1408045977011
Rwanda,RWA,2010,Renewable electricity output (% of total electricity output),EG.ELC.RNEW.ZS,67.7073170731707
Rwanda,RWA,2009,Renewable electricity output (% of total electricity output),EG.ELC.RNEW.ZS,52.4487179487179
Rwanda,RWA,2008,Renewable electricity output (% of total electricity output),EG.ELC.RNEW.ZS,55.6736842105263
Rwanda,RWA,2007,Renewable electricity output (% of total electricity output),EG.ELC.RNEW.ZS,49.5357142857143
Rwanda,RWA,2006,Renewable electricity output (% of total electricity output),EG.ELC.RNEW.ZS,48.2781954887218
Rwanda,RWA,2005,Renewable electricity output (% of total electricity output),EG.ELC.RNEW.ZS,52.6806282722513
Rwanda,RWA,2004,Renewable electricity output (% of total electricity output),EG.ELC.RNEW.ZS,58.6917808219178
Rwanda,RWA,2003,Renewable electricity output (% of total electricity output),EG.ELC.RNEW.ZS,66.1166666666667
Rwanda,RWA,2002,Renewable electricity output (% of total electricity output),EG.ELC.RNEW.ZS,58.1988304093567
Rwanda,RWA,2001,Renewable electricity output (% of total electricity output),EG.ELC.RNEW.ZS,60.32
Rwanda,RWA,2000,Renewable electricity output (% of total electricity output),EG.ELC.RNEW.ZS,63.4790419161677
Rwanda,RWA,2021,"Electricity production from renewable sources, excluding hydroelectric (kWh)",EG.ELC.RNWX.KH,51340000
Rwanda,RWA,2020,"Electricity production from renewable sources, excluding hydroelectric (kWh)",EG.ELC.RNWX.KH,33440000
Rwanda,RWA,2019,"Electricity production from renewable sources, excluding hydroelectric (kWh)",EG.ELC.RNWX.KH,36170000
Rwanda,RWA,2018,"Electricity production from renewable sources, excluding hydroelectric (kWh)",EG.ELC.RNWX.KH,58330000
Rwanda,RWA,2017,"Electricity production from renewable sources, excluding hydroelectric (kWh)",EG.ELC.RNWX.KH,54030000
Rwanda,RWA,2016,"Electricity production from renewable sources, excluding hydroelectric (kWh)",EG.ELC.RNWX.KH,26380000
Rwanda,RWA,2015,"Electricity production from renewable sources, excluding hydroelectric (kWh)",EG.ELC.RNWX.KH,65940000
Rwanda,RWA,2014,"Electricity production from renewable sources, excluding hydroelectric (kWh)",EG.ELC.RNWX.KH,101030000
Rwanda,RWA,2013,"Electricity production from renewable sources, excluding hydroelectric (kWh)",EG.ELC.RNWX.KH,102210000
Rwanda,RWA,2012,"Electricity production from renewable sources, excluding hydroelectric (kWh)",EG.ELC.RNWX.KH,93670000
Rwanda,RWA,2011,"Electricity production from renewable sources, excluding hydroelectric (kWh)",EG.ELC.RNWX.KH,77690000
Rwanda,RWA,2010,"Electricity production from renewable sources, excluding hydroelectric (kWh)",EG.ELC.RNWX.KH,82320000
Rwanda,RWA,2009,"Electricity production from renewable sources, excluding hydroelectric (kWh)",EG.ELC.RNWX.KH,2640000
Rwanda,RWA,2008,"Electricity production from renewable sources, excluding hydroelectric (kWh)",EG.ELC.RNWX.KH,1670000
Rwanda,RWA,2007,"Electricity production from renewable sources, excluding hydroelectric (kWh)",EG.ELC.RNWX.KH,2830000
Rwanda,RWA,2006,"Electricity production from renewable sources, excluding hydroelectric (kWh)",EG.ELC.RNWX.KH,1420000
Rwanda,RWA,2005,"Electricity production from renewable sources, excluding hydroelectric (kWh)",EG.ELC.RNWX.KH,1620000
Rwanda,RWA,2004,"Electricity production from renewable sources, excluding hydroelectric (kWh)",EG.ELC.RNWX.KH,1690000
Rwanda,RWA,2003,"Electricity production from renewable sources, excluding hydroelectric (kWh)",EG.ELC.RNWX.KH,1010000
Rwanda,RWA,2002,"Electricity production from renewable sources, excluding hydroelectric (kWh)",EG.ELC.RNWX.KH,1520000
Rwanda,RWA,2001,"Electricity production from renewable sources, excluding hydroelectric (kWh)",EG.ELC.RNWX.KH,1480000
Rwanda,RWA,2000,"Electricity production from renewable sources, excluding hydroelectric (kWh)",EG.ELC.RNWX.KH,1010000
Rwanda,RWA,2021,"Electricity production from renewable sources, excluding hydroelectric (% of total)",EG.ELC.RNWX.ZS,5.16498993963783
Rwanda,RWA,2020,"Electricity production from renewable sources, excluding hydroelectric (% of total)",EG.ELC.RNWX.ZS,3.77853107344633
Rwanda,RWA,2019,"Electricity production from renewable sources, excluding hydroelectric (% of total)",EG.ELC.RNWX.ZS,4.22053675612602
Rwanda,RWA,2018,"Electricity production from renewable sources, excluding hydroelectric (% of total)",EG.ELC.RNWX.ZS,7.47820512820513
Rwanda,RWA,2017,"Electricity production from renewable sources, excluding hydroelectric (% of total)",EG.ELC.RNWX.ZS,8.22374429223744
Rwanda,RWA,2016,"Electricity production from renewable sources, excluding hydroelectric (% of total)",EG.ELC.RNWX.ZS,3.9788838612368
Rwanda,RWA,2015,"Electricity production from renewable sources, excluding hydroelectric (% of total)",EG.ELC.RNWX.ZS,12.5123339658444
Rwanda,RWA,2014,"Electricity production from renewable sources, excluding hydroelectric (% of total)",EG.ELC.RNWX.ZS,23.9976247030879
Rwanda,RWA,2013,"Electricity production from renewable sources, excluding hydroelectric (% of total)",EG.ELC.RNWX.ZS,27.6991869918699
Rwanda,RWA,2012,"Electricity production from renewable sources, excluding hydroelectric (% of total)",EG.ELC.RNWX.ZS,23.8346055979644
Rwanda,RWA,2011,"Electricity production from renewable sources, excluding hydroelectric (% of total)",EG.ELC.RNWX.ZS,22.3247126436782
Rwanda,RWA,2010,"Electricity production from renewable sources, excluding hydroelectric (% of total)",EG.ELC.RNWX.ZS,28.6829268292683
Rwanda,RWA,2009,"Electricity production from renewable sources, excluding hydroelectric (% of total)",EG.ELC.RNWX.ZS,0.846153846153846
Rwanda,RWA,2008,"Electricity production from renewable sources, excluding hydroelectric (% of total)",EG.ELC.RNWX.ZS,0.585964912280702
Rwanda,RWA,2007,"Electricity production from renewable sources, excluding hydroelectric (% of total)",EG.ELC.RNWX.ZS,1.12301587301587
Rwanda,RWA,2006,"Electricity production from renewable sources, excluding hydroelectric (% of total)",EG.ELC.RNWX.ZS,0.533834586466165
Rwanda,RWA,2005,"Electricity production from renewable sources, excluding hydroelectric (% of total)",EG.ELC.RNWX.ZS,0.848167539267016
Rwanda,RWA,2004,"Electricity production from renewable sources, excluding hydroelectric (% of total)",EG.ELC.RNWX.ZS,1.15753424657534
Rwanda,RWA,2003,"Electricity production from renewable sources, excluding hydroelectric (% of total)",EG.ELC.RNWX.ZS,0.561111111111111
Rwanda,RWA,2002,"Electricity production from renewable sources, excluding hydroelectric (% of total)",EG.ELC.RNWX.ZS,0.888888888888889
Rwanda,RWA,2001,"Electricity production from renewable sources, excluding hydroelectric (% of total)",EG.ELC.RNWX.ZS,0.986666666666667
Rwanda,RWA,2000,"Electricity production from renewable sources, excluding hydroelectric (% of total)",EG.ELC.RNWX.ZS,0.604790419161677
Rwanda,RWA,2022,Renewable energy consumption (% of total final energy consumption),EG.FEC.RNEW.ZS,79.9
Rwanda,RWA,2021,Renewable energy consumption (% of total final energy consumption),EG.FEC.RNEW.ZS,79.4
Rwanda,RWA,2020,Renewable energy consumption (% of total final energy consumption),EG.FEC.RNEW.ZS,81.7
Rwanda,RWA,2019,Renewable energy consumption (% of total final energy consumption),EG.FEC.RNEW.ZS,81.8
Rwanda,RWA,2018,Renewable energy consumption (% of total final energy consumption),EG.FEC.RNEW.ZS,82.8
Rwanda,RWA,2017,Renewable energy consumption (% of total final energy consumption),EG.FEC.RNEW.ZS,84.5
Rwanda,RWA,2016,Renewable energy consumption (% of total final energy consumption),EG.FEC.RNEW.ZS,85.5
Rwanda,RWA,2015,Renewable energy consumption (% of total final energy consumption),EG.FEC.RNEW.ZS,86.3
Rwanda,RWA,2014,Renewable energy consumption (% of total final energy consumption),EG.FEC.RNEW.ZS,88
Rwanda,RWA,2013,Renewable energy consumption (% of total final energy consumption),EG.FEC.RNEW.ZS,88.5
Rwanda,RWA,2012,Renewable energy consumption (% of total final energy consumption),EG.FEC.RNEW.ZS,88.8
Rwanda,RWA,2011,Renewable energy consumption (% of total final energy consumption),EG.FEC.RNEW.ZS,89.7
Rwanda,RWA,2010,Renewable energy consumption (% of total final energy consumption),EG.FEC.RNEW.ZS,90.5
Rwanda,RWA,2009,Renewable energy consumption (% of total final energy consumption),EG.FEC.RNEW.ZS,90.5
Rwanda,RWA,2008,Renewable energy consumption (% of total final energy consumption),EG.FEC.RNEW.ZS,90.6
Rwanda,RWA,2007,Renewable energy consumption (% of total final energy consumption),EG.FEC.RNEW.ZS,90.3
Rwanda,RWA,2006,Renewable energy consumption (% of total final energy consumption),EG.FEC.RNEW.ZS,90.6
Rwanda,RWA,2005,Renewable energy consumption (% of total final energy consumption),EG.FEC.RNEW.ZS,89.2
Rwanda,RWA,2004,Renewable energy consumption (% of total final energy consumption),EG.FEC.RNEW.ZS,87.6
Rwanda,RWA,2003,Renewable energy consumption (% of total final energy consumption),EG.FEC.RNEW.ZS,87.3
Rwanda,RWA,2002,Renewable energy consumption (% of total final energy consumption),EG.FEC.RNEW.ZS,87.1
Rwanda,RWA,2001,Renewable energy consumption (% of total final energy consumption),EG.FEC.RNEW.ZS,86.9
Rwanda,RWA,2000,Renewable energy consumption (% of total final energy consumption),EG.FEC.RNEW.ZS,86.8
Rwanda,RWA,1999,Renewable energy consumption (% of total final energy consumption),EG.FEC.RNEW.ZS,90.8
Rwanda,RWA,1998,Renewable energy consumption (% of total final energy consumption),EG.FEC.RNEW.ZS,90.8
Rwanda,RWA,1997,Renewable energy consumption (% of total final energy consumption),EG.FEC.RNEW.ZS,91.1
Rwanda,RWA,1996,Renewable energy consumption (% of total final energy consumption),EG.FEC.RNEW.ZS,89.2
Rwanda,RWA,1995,Renewable energy consumption (% of total final energy consumption),EG.FEC.RNEW.ZS,88.4
Rwanda,RWA,1994,Renewable energy consumption (% of total final energy consumption),EG.FEC.RNEW.ZS,78.5
Rwanda,RWA,1993,Renewable energy consumption (% of total final energy consumption),EG.FEC.RNEW.ZS,81.3
Rwanda,RWA,1992,Renewable energy consumption (% of total final energy consumption),EG.FEC.RNEW.ZS,81.6
Rwanda,RWA,1991,Renewable energy consumption (% of total final energy consumption),EG.FEC.RNEW.ZS,81.8
Rwanda,RWA,1990,Renewable energy consumption (% of total final energy consumption),EG.FEC.RNEW.ZS,80.1
Rwanda,RWA,2023,"Energy use (kg of oil equivalent) per $1,000 GDP (constant 2021 PPP)",EG.USE.COMM.GD.PP.KD,117.402877595946
Rwanda,RWA,2022,"Energy use (kg of oil equivalent) per $1,000 GDP (constant 2021 PPP)",EG.USE.COMM.GD.PP.KD,123.989912374718
Rwanda,RWA,2021,"Energy use (kg of oil equivalent) per $1,000 GDP (constant 2021 PPP)",EG.USE.COMM.GD.PP.KD,130.629653981414
Rwanda,RWA,2020,"Energy use (kg of oil equivalent) per $1,000 GDP (constant 2021 PPP)",EG.USE.COMM.GD.PP.KD,136.856241721961
Rwanda,RWA,2019,"Energy use (kg of oil equivalent) per $1,000 GDP (constant 2021 PPP)",EG.USE.COMM.GD.PP.KD,130.181669486199
Rwanda,RWA,2018,"Energy use (kg of oil equivalent) per $1,000 GDP (constant 2021 PPP)",EG.USE.COMM.GD.PP.KD,138.773554469241
Rwanda,RWA,2017,"Energy use (kg of oil equivalent) per $1,000 GDP (constant 2021 PPP)",EG.USE.COMM.GD.PP.KD,145.500942498378
Rwanda,RWA,2016,"Energy use (kg of oil equivalent) per $1,000 GDP (constant 2021 PPP)",EG.USE.COMM.GD.PP.KD,147.383264214429
Rwanda,RWA,2015,"Energy use (kg of oil equivalent) per $1,000 GDP (constant 2021 PPP)",EG.USE.COMM.GD.PP.KD,153.227023364841
Rwanda,RWA,2014,"Energy use (kg of oil equivalent) per $1,000 GDP (constant 2021 PPP)",EG.USE.COMM.GD.PP.KD,163.901191444101
Rwanda,RWA,2013,"Energy use (kg of oil equivalent) per $1,000 GDP (constant 2021 PPP)",EG.USE.COMM.GD.PP.KD,170.411934643722
Rwanda,RWA,2012,"Energy use (kg of oil equivalent) per $1,000 GDP (constant 2021 PPP)",EG.USE.COMM.GD.PP.KD,173.902475273923
Rwanda,RWA,2011,"Energy use (kg of oil equivalent) per $1,000 GDP (constant 2021 PPP)",EG.USE.COMM.GD.PP.KD,182.586309043025
Rwanda,RWA,2010,"Energy use (kg of oil equivalent) per $1,000 GDP (constant 2021 PPP)",EG.USE.COMM.GD.PP.KD,191.627134855751
Rwanda,RWA,2009,"Energy use (kg of oil equivalent) per $1,000 GDP (constant 2021 PPP)",EG.USE.COMM.GD.PP.KD,201.211615375502
Rwanda,RWA,2008,"Energy use (kg of oil equivalent) per $1,000 GDP (constant 2021 PPP)",EG.USE.COMM.GD.PP.KD,206.595145257747
Rwanda,RWA,2007,"Energy use (kg of oil equivalent) per $1,000 GDP (constant 2021 PPP)",EG.USE.COMM.GD.PP.KD,224.125639507787
Rwanda,RWA,2006,"Energy use (kg of oil equivalent) per $1,000 GDP (constant 2021 PPP)",EG.USE.COMM.GD.PP.KD,236.95639814098
Rwanda,RWA,2005,"Energy use (kg of oil equivalent) per $1,000 GDP (constant 2021 PPP)",EG.USE.COMM.GD.PP.KD,252.500786028227
Rwanda,RWA,2004,"Energy use (kg of oil equivalent) per $1,000 GDP (constant 2021 PPP)",EG.USE.COMM.GD.PP.KD,294.777997367311
Rwanda,RWA,2003,"Energy use (kg of oil equivalent) per $1,000 GDP (constant 2021 PPP)",EG.USE.COMM.GD.PP.KD,314.635420080872
Rwanda,RWA,2002,"Energy use (kg of oil equivalent) per $1,000 GDP (constant 2021 PPP)",EG.USE.COMM.GD.PP.KD,322.825932542732
Rwanda,RWA,2001,"Energy use (kg of oil equivalent) per $1,000 GDP (constant 2021 PPP)",EG.USE.COMM.GD.PP.KD,360.351515630049
Rwanda,RWA,2000,"Energy use (kg of oil equivalent) per $1,000 GDP (constant 2021 PPP)",EG.USE.COMM.GD.PP.KD,390.815545120238
Rwanda,RWA,1999,"Energy use (kg of oil equivalent) per $1,000 GDP (constant 2021 PPP)",EG.USE.COMM.GD.PP.KD,538.994055621805
Rwanda,RWA,1998,"Energy use (kg of oil equivalent) per $1,000 GDP (constant 2021 PPP)",EG.USE.COMM.GD.PP.KD,547.082873487874
Rwanda,RWA,1997,"Energy use (kg of oil equivalent) per $1,000 GDP (constant 2021 PPP)",EG.USE.COMM.GD.PP.KD,1104.1965871246
Rwanda,RWA,1996,"Energy use (kg of oil equivalent) per $1,000 GDP (constant 2021 PPP)",EG.USE.COMM.GD.PP.KD,1091.9410151979
Rwanda,RWA,1995,"Energy use (kg of oil equivalent) per $1,000 GDP (constant 2021 PPP)",EG.USE.COMM.GD.PP.KD,1187.65154570882
Rwanda,RWA,1994,"Energy use (kg of oil equivalent) per $1,000 GDP (constant 2021 PPP)",EG.USE.COMM.GD.PP.KD,1435.19400331482
Rwanda,RWA,1993,"Energy use (kg of oil equivalent) per $1,000 GDP (constant 2021 PPP)",EG.USE.COMM.GD.PP.KD,672.712263478103
Rwanda,RWA,1992,"Energy use (kg of oil equivalent) per $1,000 GDP (constant 2021 PPP)",EG.USE.COMM.GD.PP.KD,656.837542558642
Rwanda,RWA,1991,"Energy use (kg of oil equivalent) per $1,000 GDP (constant 2021 PPP)",EG.USE.COMM.GD.PP.KD,754.141473784036
Rwanda,RWA,1990,"Energy use (kg of oil equivalent) per $1,000 GDP (constant 2021 PPP)",EG.USE.COMM.GD.PP.KD,780.670180201106
Rwanda,RWA,2023,Electric power consumption (kWh per capita),EG.USE.ELEC.KH.PC,76.6779335454565
Rwanda,RWA,2022,Electric power consumption (kWh per capita),EG.USE.ELEC.KH.PC,69.5185638006802
Rwanda,RWA,2021,Electric power consumption (kWh per capita),EG.USE.ELEC.KH.PC,61.9980442162863
Rwanda,RWA,2020,Electric power consumption (kWh per capita),EG.USE.ELEC.KH.PC,56.1005008710885
Rwanda,RWA,2019,Electric power consumption (kWh per capita),EG.USE.ELEC.KH.PC,56.2769414116339
Rwanda,RWA,2018,Electric power consumption (kWh per capita),EG.USE.ELEC.KH.PC,57.49521380372
Rwanda,RWA,2017,Electric power consumption (kWh per capita),EG.USE.ELEC.KH.PC,48.6803048009926
Rwanda,RWA,2016,Electric power consumption (kWh per capita),EG.USE.ELEC.KH.PC,48.7449517303325
Rwanda,RWA,2015,Electric power consumption (kWh per capita),EG.USE.ELEC.KH.PC,41.4947669342893
Rwanda,RWA,2014,Electric power consumption (kWh per capita),EG.USE.ELEC.KH.PC,35.4605030270335
Rwanda,RWA,2013,Electric power consumption (kWh per capita),EG.USE.ELEC.KH.PC,33.2632011639416
Rwanda,RWA,2012,Electric power consumption (kWh per capita),EG.USE.ELEC.KH.PC,35.3650508901236
Rwanda,RWA,2011,Electric power consumption (kWh per capita),EG.USE.ELEC.KH.PC,31.6822828796604
Rwanda,RWA,2010,Electric power consumption (kWh per capita),EG.USE.ELEC.KH.PC,28.1074398163983
Rwanda,RWA,2009,Electric power consumption (kWh per capita),EG.USE.ELEC.KH.PC,29.4221957864235
Rwanda,RWA,2008,Electric power consumption (kWh per capita),EG.USE.ELEC.KH.PC,29.9869373229151
Rwanda,RWA,2007,Electric power consumption (kWh per capita),EG.USE.ELEC.KH.PC,27.6441730010043
Rwanda,RWA,2006,Electric power consumption (kWh per capita),EG.USE.ELEC.KH.PC,28.1743272519084
Rwanda,RWA,2005,Electric power consumption (kWh per capita),EG.USE.ELEC.KH.PC,24.5181195530015
Rwanda,RWA,2004,Electric power consumption (kWh per capita),EG.USE.ELEC.KH.PC,23.59120791975
Rwanda,RWA,2003,Electric power consumption (kWh per capita),EG.USE.ELEC.KH.PC,27.7167188296091
Rwanda,RWA,2002,Electric power consumption (kWh per capita),EG.USE.ELEC.KH.PC,28.451771271568
Rwanda,RWA,2001,Electric power consumption (kWh per capita),EG.USE.ELEC.KH.PC,26.1852948693474
Rwanda,RWA,2000,Electric power consumption (kWh per capita),EG.USE.ELEC.KH.PC,25.3228326364076
Rwanda,RWA,1999,Electric power consumption (kWh per capita),EG.USE.ELEC.KH.PC,19.3914710909985
Rwanda,RWA,1998,Electric power consumption (kWh per capita),EG.USE.ELEC.KH.PC,18.3130217587158
Rwanda,RWA,1997,Electric power consumption (kWh per capita),EG.USE.ELEC.KH.PC,19.8575466026961
Rwanda,RWA,1996,Electric power consumption (kWh per capita),EG.USE.ELEC.KH.PC,23.5512830679392
Rwanda,RWA,1995,Electric power consumption (kWh per capita),EG.USE.ELEC.KH.PC,28.5506928125217
Rwanda,RWA,1994,Electric power consumption (kWh per capita),EG.USE.ELEC.KH.PC,22.967007599135
Rwanda,RWA,1993,Electric power consumption (kWh per capita),EG.USE.ELEC.KH.PC,18.7943264188589
Rwanda,RWA,1992,Electric power consumption (kWh per capita),EG.USE.ELEC.KH.PC,20.8244775073517
Rwanda,RWA,1991,Electric power consumption (kWh per capita),EG.USE.ELEC.KH.PC,19.9283482880087
Rwanda,RWA,1990,Electric power consumption (kWh per capita),EG.USE.ELEC.KH.PC,20.0669612803914
Rwanda,RWA,2023,Energy use (kg of oil equivalent per capita),EG.USE.PCAP.KG.OE,371.93592669295
Rwanda,RWA,2022,Energy use (kg of oil equivalent per capita),EG.USE.PCAP.KG.OE,369.875267295998
Rwanda,RWA,2021,Energy use (kg of oil equivalent per capita),EG.USE.PCAP.KG.OE,362.679226062045
Rwanda,RWA,2020,Energy use (kg of oil equivalent per capita),EG.USE.PCAP.KG.OE,358.249550207672
Rwanda,RWA,2019,Energy use (kg of oil equivalent per capita),EG.USE.PCAP.KG.OE,358.460381878131
Rwanda,RWA,2018,Energy use (kg of oil equivalent per capita),EG.USE.PCAP.KG.OE,357.71621717478
Rwanda,RWA,2017,Energy use (kg of oil equivalent per capita),EG.USE.PCAP.KG.OE,355.180227607058
Rwanda,RWA,2016,Energy use (kg of oil equivalent per capita),EG.USE.PCAP.KG.OE,351.766771528562
Rwanda,RWA,2015,Energy use (kg of oil equivalent per capita),EG.USE.PCAP.KG.OE,354.428994022274
Rwanda,RWA,2014,Energy use (kg of oil equivalent per capita),EG.USE.PCAP.KG.OE,356.664550107493
Rwanda,RWA,2013,Energy use (kg of oil equivalent per capita),EG.USE.PCAP.KG.OE,359.526014729978
Rwanda,RWA,2012,Energy use (kg of oil equivalent per capita),EG.USE.PCAP.KG.OE,358.876407852789
Rwanda,RWA,2011,Energy use (kg of oil equivalent per capita),EG.USE.PCAP.KG.OE,355.228429766864
Rwanda,RWA,2010,Energy use (kg of oil equivalent per capita),EG.USE.PCAP.KG.OE,353.909116593946
Rwanda,RWA,2009,Energy use (kg of oil equivalent per capita),EG.USE.PCAP.KG.OE,355.065028638124
Rwanda,RWA,2008,Energy use (kg of oil equivalent per capita),EG.USE.PCAP.KG.OE,352.090704036979
Rwanda,RWA,2007,Energy use (kg of oil equivalent per capita),EG.USE.PCAP.KG.OE,352.766609707232
Rwanda,RWA,2006,Energy use (kg of oil equivalent per capita),EG.USE.PCAP.KG.OE,355.85273565133
Rwanda,RWA,2005,Energy use (kg of oil equivalent per capita),EG.USE.PCAP.KG.OE,356.546532493533
Rwanda,RWA,2004,Energy use (kg of oil equivalent per capita),EG.USE.PCAP.KG.OE,390.815363964243
Rwanda,RWA,2003,Energy use (kg of oil equivalent per capita),EG.USE.PCAP.KG.OE,398.625613363189
Rwanda,RWA,2002,Energy use (kg of oil equivalent per capita),EG.USE.PCAP.KG.OE,409.083073593481
Rwanda,RWA,2001,Energy use (kg of oil equivalent per capita),EG.USE.PCAP.KG.OE,408.921325852057
Rwanda,RWA,2000,Energy use (kg of oil equivalent per capita),EG.USE.PCAP.KG.OE,412.447351013068
Rwanda,RWA,1999,Energy use (kg of oil equivalent per capita),EG.USE.PCAP.KG.OE,529.142592608143
Rwanda,RWA,1998,Energy use (kg of oil equivalent per capita),EG.USE.PCAP.KG.OE,518.902996023515
Rwanda,RWA,1997,Energy use (kg of oil equivalent per capita),EG.USE.PCAP.KG.OE,1002.58917457371
Rwanda,RWA,1996,Energy use (kg of oil equivalent per capita),EG.USE.PCAP.KG.OE,1006.69129845953
Rwanda,RWA,1995,Energy use (kg of oil equivalent per capita),EG.USE.PCAP.KG.OE,1148.23387240365
Rwanda,RWA,1994,Energy use (kg of oil equivalent per capita),EG.USE.PCAP.KG.OE,857.187986944566
Rwanda,RWA,1993,Energy use (kg of oil equivalent per capita),EG.USE.PCAP.KG.OE,687.290818713038
Rwanda,RWA,1992,Energy use (kg of oil equivalent per capita),EG.USE.PCAP.KG.OE,758.600903679662
Rwanda,RWA,1991,Energy use (kg of oil equivalent per capita),EG.USE.PCAP.KG.OE,839.750045260046
Rwanda,RWA,1990,Energy use (kg of oil equivalent per capita),EG.USE.PCAP.KG.OE,910.047567497647
Rwanda,RWA,2009,"Droughts, floods, extreme temperatures (% of population, average 1990-2009)",EN.CLC.MDAT.ZS,1.29597316565611
Rwanda,RWA,2015,Rural population living in areas where elevation is below 5 meters (% of total population),EN.POP.EL5M.RU.ZS,0
Rwanda,RWA,2000,Rural population living in areas where elevation is below 5 meters (% of total population),EN.POP.EL5M.RU.ZS,0
Rwanda,RWA,1990,Rural population living in areas where elevation is below 5 meters (% of total population),EN.POP.EL5M.RU.ZS,0
Rwanda,RWA,2015,Urban population living in areas where elevation is below 5 meters (% of total population),EN.POP.EL5M.UR.ZS,0
Rwanda,RWA,2000,Urban population living in areas where elevation is below 5 meters (% of total population),EN.POP.EL5M.UR.ZS,0
Rwanda,RWA,1990,Urban population living in areas where elevation is below 5 meters (% of total population),EN.POP.EL5M.UR.ZS,0
Rwanda,RWA,2015,Population living in areas where elevation is below 5 meters (% of total population),EN.POP.EL5M.ZS,0
Rwanda,RWA,2000,Population living in areas where elevation is below 5 meters (% of total population),EN.POP.EL5M.ZS,0
Rwanda,RWA,1990,Population living in areas where elevation is below 5 meters (% of total population),EN.POP.EL5M.ZS,0
Rwanda,RWA,2025,Population in urban agglomerations of more than 1 million (% of total population),EN.URB.MCTY.TL.ZS,9.12758511177685
Rwanda,RWA,2024,Population in urban agglomerations of more than 1 million (% of total population),EN.URB.MCTY.TL.ZS,9.03409635713843
Rwanda,RWA,2023,Population in urban agglomerations of more than 1 million (% of total population),EN.URB.MCTY.TL.ZS,8.94015258622129
Rwanda,RWA,2022,Population in urban agglomerations of more than 1 million (% of total population),EN.URB.MCTY.TL.ZS,8.85131744637584
Rwanda,RWA,2021,Population in urban agglomerations of more than 1 million (% of total population),EN.URB.MCTY.TL.ZS,8.75976207127379
Rwanda,RWA,2020,Population in urban agglomerations of more than 1 million (% of total population),EN.URB.MCTY.TL.ZS,8.66458842246386
Rwanda,RWA,2019,Population in urban agglomerations of more than 1 million (% of total population),EN.URB.MCTY.TL.ZS,8.56909184279432
Rwanda,RWA,2018,Population in urban agglomerations of more than 1 million (% of total population),EN.URB.MCTY.TL.ZS,8.4708227004557
Rwanda,RWA,2017,Population in urban agglomerations of more than 1 million (% of total population),EN.URB.MCTY.TL.ZS,8.36810341860309
Rwanda,RWA,2016,Population in urban agglomerations of more than 1 million (% of total population),EN.URB.MCTY.TL.ZS,8.26905669625175
Rwanda,RWA,2015,Population in urban agglomerations of more than 1 million (% of total population),EN.URB.MCTY.TL.ZS,8.17317183764773
Rwanda,RWA,2014,Population in urban agglomerations of more than 1 million (% of total population),EN.URB.MCTY.TL.ZS,8.08027835526972
Rwanda,RWA,2013,Population in urban agglomerations of more than 1 million (% of total population),EN.URB.MCTY.TL.ZS,7.99035277022069
Rwanda,RWA,2012,Population in urban agglomerations of more than 1 million (% of total population),EN.URB.MCTY.TL.ZS,7.90033999387437
Rwanda,RWA,2011,Population in urban agglomerations of more than 1 million (% of total population),EN.URB.MCTY.TL.ZS,7.8098245908044
Rwanda,RWA,2010,Population in urban agglomerations of more than 1 million (% of total population),EN.URB.MCTY.TL.ZS,7.72527168021332
Rwanda,RWA,2009,Population in urban agglomerations of more than 1 million (% of total population),EN.URB.MCTY.TL.ZS,7.64705730330467
Rwanda,RWA,2008,Population in urban agglomerations of more than 1 million (% of total population),EN.URB.MCTY.TL.ZS,7.57422098475674
Rwanda,RWA,2007,Population in urban agglomerations of more than 1 million (% of total population),EN.URB.MCTY.TL.ZS,7.50502647505485
Rwanda,RWA,2006,Population in urban agglomerations of more than 1 million (% of total population),EN.URB.MCTY.TL.ZS,7.43919453254597
Rwanda,RWA,2005,Population in urban agglomerations of more than 1 million (% of total population),EN.URB.MCTY.TL.ZS,7.37443188645504
Rwanda,RWA,2004,Population in urban agglomerations of more than 1 million (% of total population),EN.URB.MCTY.TL.ZS,7.31009871559483
Rwanda,RWA,2003,Population in urban agglomerations of more than 1 million (% of total population),EN.URB.MCTY.TL.ZS,7.24437004148774
Rwanda,RWA,2002,Population in urban agglomerations of more than 1 million (% of total population),EN.URB.MCTY.TL.ZS,7.09922882604897
Rwanda,RWA,2001,Population in urban agglomerations of more than 1 million (% of total population),EN.URB.MCTY.TL.ZS,6.5726055478555
Rwanda,RWA,2000,Population in urban agglomerations of more than 1 million (% of total population),EN.URB.MCTY.TL.ZS,6.05734331101637
Rwanda,RWA,1999,Population in urban agglomerations of more than 1 million (% of total population),EN.URB.MCTY.TL.ZS,5.57664343944804
Rwanda,RWA,1998,Population in urban agglomerations of more than 1 million (% of total population),EN.URB.MCTY.TL.ZS,5.13519402708422
Rwanda,RWA,1997,Population in urban agglomerations of more than 1 million (% of total population),EN.URB.MCTY.TL.ZS,4.88769010054882
Rwanda,RWA,1996,Population in urban agglomerations of more than 1 million (% of total population),EN.URB.MCTY.TL.ZS,5.17770486486035
Rwanda,RWA,1995,Population in urban agglomerations of more than 1 million (% of total population),EN.URB.MCTY.TL.ZS,5.63869133493523
Rwanda,RWA,1994,Population in urban agglomerations of more than 1 million (% of total population),EN.URB.MCTY.TL.ZS,4.3391302453112
Rwanda,RWA,1993,Population in urban agglomerations of more than 1 million (% of total population),EN.URB.MCTY.TL.ZS,3.40177308181346
Rwanda,RWA,1992,Population in urban agglomerations of more than 1 million (% of total population),EN.URB.MCTY.TL.ZS,3.25551659932117
Rwanda,RWA,1991,Population in urban agglomerations of more than 1 million (% of total population),EN.URB.MCTY.TL.ZS,3.07163603502394
Rwanda,RWA,1990,Population in urban agglomerations of more than 1 million (% of total population),EN.URB.MCTY.TL.ZS,2.97129326277537
Rwanda,RWA,1989,Population in urban agglomerations of more than 1 million (% of total population),EN.URB.MCTY.TL.ZS,2.89102991827362
Rwanda,RWA,1988,Population in urban agglomerations of more than 1 million (% of total population),EN.URB.MCTY.TL.ZS,2.82563136914076
Rwanda,RWA,1987,Population in urban agglomerations of more than 1 million (% of total population),EN.URB.MCTY.TL.ZS,2.76478544388445
Rwanda,RWA,1986,Population in urban agglomerations of more than 1 million (% of total population),EN.URB.MCTY.TL.ZS,2.70787235713572
Rwanda,RWA,1985,Population in urban agglomerations of more than 1 million (% of total population),EN.URB.MCTY.TL.ZS,2.65385387388266
Rwanda,RWA,1984,Population in urban agglomerations of more than 1 million (% of total population),EN.URB.MCTY.TL.ZS,2.60194343891662
Rwanda,RWA,1983,Population in urban agglomerations of more than 1 million (% of total population),EN.URB.MCTY.TL.ZS,2.55053459504504
Rwanda,RWA,1982,Population in urban agglomerations of more than 1 million (% of total population),EN.URB.MCTY.TL.ZS,2.49951458002024
Rwanda,RWA,1981,Population in urban agglomerations of more than 1 million (% of total population),EN.URB.MCTY.TL.ZS,2.44815214854457
Rwanda,RWA,1980,Population in urban agglomerations of more than 1 million (% of total population),EN.URB.MCTY.TL.ZS,2.39603576064599
Rwanda,RWA,1979,Population in urban agglomerations of more than 1 million (% of total population),EN.URB.MCTY.TL.ZS,2.34253857903811
Rwanda,RWA,1978,Population in urban agglomerations of more than 1 million (% of total population),EN.URB.MCTY.TL.ZS,2.28022047314778
Rwanda,RWA,1977,Population in urban agglomerations of more than 1 million (% of total population),EN.URB.MCTY.TL.ZS,2.16233245503494
Rwanda,RWA,1976,Population in urban agglomerations of more than 1 million (% of total population),EN.URB.MCTY.TL.ZS,2.050609845776
Rwanda,RWA,1975,Population in urban agglomerations of more than 1 million (% of total population),EN.URB.MCTY.TL.ZS,1.94425539007511
Rwanda,RWA,1974,Population in urban agglomerations of more than 1 million (% of total population),EN.URB.MCTY.TL.ZS,1.84333476076767
Rwanda,RWA,1973,Population in urban agglomerations of more than 1 million (% of total population),EN.URB.MCTY.TL.ZS,1.74748397428152
Rwanda,RWA,1972,Population in urban agglomerations of more than 1 million (% of total population),EN.URB.MCTY.TL.ZS,1.65650357139895
Rwanda,RWA,1971,Population in urban agglomerations of more than 1 million (% of total population),EN.URB.MCTY.TL.ZS,1.56956852170367
Rwanda,RWA,1970,Population in urban agglomerations of more than 1 million (% of total population),EN.URB.MCTY.TL.ZS,1.49185978537778
Rwanda,RWA,1969,Population in urban agglomerations of more than 1 million (% of total population),EN.URB.MCTY.TL.ZS,1.45591956638112
Rwanda,RWA,1968,Population in urban agglomerations of more than 1 million (% of total population),EN.URB.MCTY.TL.ZS,1.42147056231153
Rwanda,RWA,1967,Population in urban agglomerations of more than 1 million (% of total population),EN.URB.MCTY.TL.ZS,1.38795788049131
Rwanda,RWA,1966,Population in urban agglomerations of more than 1 million (% of total population),EN.URB.MCTY.TL.ZS,1.35414720359289
Rwanda,RWA,1965,Population in urban agglomerations of more than 1 million (% of total population),EN.URB.MCTY.TL.ZS,1.31873300206531
Rwanda,RWA,1964,Population in urban agglomerations of more than 1 million (% of total population),EN.URB.MCTY.TL.ZS,1.28153305381917
Rwanda,RWA,1963,Population in urban agglomerations of more than 1 million (% of total population),EN.URB.MCTY.TL.ZS,1.24131222594196
Rwanda,RWA,1962,Population in urban agglomerations of more than 1 million (% of total population),EN.URB.MCTY.TL.ZS,1.20196796949176
Rwanda,RWA,1961,Population in urban agglomerations of more than 1 million (% of total population),EN.URB.MCTY.TL.ZS,1.16683549103428
Rwanda,RWA,1960,Population in urban agglomerations of more than 1 million (% of total population),EN.URB.MCTY.TL.ZS,1.13552817826459
Rwanda,RWA,2022,"Annual freshwater withdrawals, total (billion cubic meters)",ER.H2O.FWTL.K3,0.61
Rwanda,RWA,2021,"Annual freshwater withdrawals, total (billion cubic meters)",ER.H2O.FWTL.K3,0.61
Rwanda,RWA,2020,"Annual freshwater withdrawals, total (billion cubic meters)",ER.H2O.FWTL.K3,0.61
Rwanda,RWA,2019,"Annual freshwater withdrawals, total (billion cubic meters)",ER.H2O.FWTL.K3,0.61
Rwanda,RWA,2018,"Annual freshwater withdrawals, total (billion cubic meters)",ER.H2O.FWTL.K3,0.575128196
Rwanda,RWA,2017,"Annual freshwater withdrawals, total (billion cubic meters)",ER.H2O.FWTL.K3,0.550256391
Rwanda,RWA,2016,"Annual freshwater withdrawals, total (billion cubic meters)",ER.H2O.FWTL.K3,0.525384587
Rwanda,RWA,2015,"Annual freshwater withdrawals, total (billion cubic meters)",ER.H2O.FWTL.K3,0.500512782
Rwanda,RWA,2014,"Annual freshwater withdrawals, total (billion cubic meters)",ER.H2O.FWTL.K3,0.475640977
Rwanda,RWA,2013,"Annual freshwater withdrawals, total (billion cubic meters)",ER.H2O.FWTL.K3,0.450769173
Rwanda,RWA,2012,"Annual freshwater withdrawals, total (billion cubic meters)",ER.H2O.FWTL.K3,0.425897368
Rwanda,RWA,2011,"Annual freshwater withdrawals, total (billion cubic meters)",ER.H2O.FWTL.K3,0.401025564
Rwanda,RWA,2010,"Annual freshwater withdrawals, total (billion cubic meters)",ER.H2O.FWTL.K3,0.376153759
Rwanda,RWA,2009,"Annual freshwater withdrawals, total (billion cubic meters)",ER.H2O.FWTL.K3,0.351281955
Rwanda,RWA,2008,"Annual freshwater withdrawals, total (billion cubic meters)",ER.H2O.FWTL.K3,0.32641015
Rwanda,RWA,2007,"Annual freshwater withdrawals, total (billion cubic meters)",ER.H2O.FWTL.K3,0.301538346
Rwanda,RWA,2006,"Annual freshwater withdrawals, total (billion cubic meters)",ER.H2O.FWTL.K3,0.276666541
Rwanda,RWA,2005,"Annual freshwater withdrawals, total (billion cubic meters)",ER.H2O.FWTL.K3,0.251794737
Rwanda,RWA,2004,"Annual freshwater withdrawals, total (billion cubic meters)",ER.H2O.FWTL.K3,0.23143579
Rwanda,RWA,2003,"Annual freshwater withdrawals, total (billion cubic meters)",ER.H2O.FWTL.K3,0.211076842
Rwanda,RWA,2002,"Annual freshwater withdrawals, total (billion cubic meters)",ER.H2O.FWTL.K3,0.190717895
Rwanda,RWA,2001,"Annual freshwater withdrawals, total (billion cubic meters)",ER.H2O.FWTL.K3,0.170358947
Rwanda,RWA,2000,"Annual freshwater withdrawals, total (billion cubic meters)",ER.H2O.FWTL.K3,0.15
Rwanda,RWA,2022,"Annual freshwater withdrawals, total (% of internal resources)",ER.H2O.FWTL.ZS,6.42105263157895
Rwanda,RWA,2021,"Annual freshwater withdrawals, total (% of internal resources)",ER.H2O.FWTL.ZS,6.42105263157895
Rwanda,RWA,2020,"Annual freshwater withdrawals, total (% of internal resources)",ER.H2O.FWTL.ZS,6.42105263157895
Rwanda,RWA,2019,"Annual freshwater withdrawals, total (% of internal resources)",ER.H2O.FWTL.ZS,6.42105263157895
Rwanda,RWA,2018,"Annual freshwater withdrawals, total (% of internal resources)",ER.H2O.FWTL.ZS,6.05398101052632
Rwanda,RWA,2017,"Annual freshwater withdrawals, total (% of internal resources)",ER.H2O.FWTL.ZS,5.7921725368421
Rwanda,RWA,2016,"Annual freshwater withdrawals, total (% of internal resources)",ER.H2O.FWTL.ZS,5.53036407368421
Rwanda,RWA,2015,"Annual freshwater withdrawals, total (% of internal resources)",ER.H2O.FWTL.ZS,5.2685556
Rwanda,RWA,2014,"Annual freshwater withdrawals, total (% of internal resources)",ER.H2O.FWTL.ZS,5.00674712631579
Rwanda,RWA,2013,"Annual freshwater withdrawals, total (% of internal resources)",ER.H2O.FWTL.ZS,4.7449386631579
Rwanda,RWA,2012,"Annual freshwater withdrawals, total (% of internal resources)",ER.H2O.FWTL.ZS,4.48313018947368
Rwanda,RWA,2011,"Annual freshwater withdrawals, total (% of internal resources)",ER.H2O.FWTL.ZS,4.22132172631579
Rwanda,RWA,2010,"Annual freshwater withdrawals, total (% of internal resources)",ER.H2O.FWTL.ZS,3.95951325263158
Rwanda,RWA,2009,"Annual freshwater withdrawals, total (% of internal resources)",ER.H2O.FWTL.ZS,3.69770478947368
Rwanda,RWA,2008,"Annual freshwater withdrawals, total (% of internal resources)",ER.H2O.FWTL.ZS,3.43589631578947
Rwanda,RWA,2007,"Annual freshwater withdrawals, total (% of internal resources)",ER.H2O.FWTL.ZS,3.17408785263158
Rwanda,RWA,2006,"Annual freshwater withdrawals, total (% of internal resources)",ER.H2O.FWTL.ZS,2.91227937894737
Rwanda,RWA,2005,"Annual freshwater withdrawals, total (% of internal resources)",ER.H2O.FWTL.ZS,2.65047091578947
Rwanda,RWA,2004,"Annual freshwater withdrawals, total (% of internal resources)",ER.H2O.FWTL.ZS,2.43616621052632
Rwanda,RWA,2003,"Annual freshwater withdrawals, total (% of internal resources)",ER.H2O.FWTL.ZS,2.22186149473684
Rwanda,RWA,2002,"Annual freshwater withdrawals, total (% of internal resources)",ER.H2O.FWTL.ZS,2.00755678947368
Rwanda,RWA,2001,"Annual freshwater withdrawals, total (% of internal resources)",ER.H2O.FWTL.ZS,1.79325207368421
Rwanda,RWA,2000,"Annual freshwater withdrawals, total (% of internal resources)",ER.H2O.FWTL.ZS,1.57894736842105
Rwanda,RWA,2025,Terrestrial protected areas (% of total land area),ER.LND.PTLD.ZS,9.1
Rwanda,RWA,2024,Terrestrial protected areas (% of total land area),ER.LND.PTLD.ZS,9.1
Rwanda,RWA,2023,Terrestrial protected areas (% of total land area),ER.LND.PTLD.ZS,9.1
Rwanda,RWA,2022,Terrestrial protected areas (% of total land area),ER.LND.PTLD.ZS,9.1
Rwanda,RWA,2021,Terrestrial protected areas (% of total land area),ER.LND.PTLD.ZS,9.1
Rwanda,RWA,2020,Terrestrial protected areas (% of total land area),ER.LND.PTLD.ZS,9.1
Rwanda,RWA,2019,Terrestrial protected areas (% of total land area),ER.LND.PTLD.ZS,9.1
Rwanda,RWA,2018,Terrestrial protected areas (% of total land area),ER.LND.PTLD.ZS,9.1
Rwanda,RWA,2017,Terrestrial protected areas (% of total land area),ER.LND.PTLD.ZS,9.1
Rwanda,RWA,2016,Terrestrial protected areas (% of total land area),ER.LND.PTLD.ZS,9.1
Rwanda,RWA,2015,Terrestrial protected areas (% of total land area),ER.LND.PTLD.ZS,8.8
Rwanda,RWA,2014,Terrestrial protected areas (% of total land area),ER.LND.PTLD.ZS,9.6
Rwanda,RWA,2013,Terrestrial protected areas (% of total land area),ER.LND.PTLD.ZS,10.7
Rwanda,RWA,2025,Terrestrial and marine protected areas (% of total territorial area),ER.PTD.TOTL.ZS,9.1
Rwanda,RWA,2024,Terrestrial and marine protected areas (% of total territorial area),ER.PTD.TOTL.ZS,9.1
Rwanda,RWA,2023,Terrestrial and marine protected areas (% of total territorial area),ER.PTD.TOTL.ZS,9.1
Rwanda,RWA,2022,Terrestrial and marine protected areas (% of total territorial area),ER.PTD.TOTL.ZS,9.1
Rwanda,RWA,2021,Terrestrial and marine protected areas (% of total territorial area),ER.PTD.TOTL.ZS,9.1
Rwanda,RWA,2020,Terrestrial and marine protected areas (% of total territorial area),ER.PTD.TOTL.ZS,9.1
Rwanda,RWA,2019,Terrestrial and marine protected areas (% of total territorial area),ER.PTD.TOTL.ZS,9.1
Rwanda,RWA,2018,Terrestrial and marine protected areas (% of total territorial area),ER.PTD.TOTL.ZS,9.1
Rwanda,RWA,2017,Terrestrial and marine protected areas (% of total territorial area),ER.PTD.TOTL.ZS,9.1
Rwanda,RWA,2016,Terrestrial and marine protected areas (% of total territorial area),ER.PTD.TOTL.ZS,9.1
Rwanda,RWA,2015,Terrestrial and marine protected areas (% of total territorial area),ER.PTD.TOTL.ZS,8.8
Rwanda,RWA,2014,Terrestrial and marine protected areas (% of total territorial area),ER.PTD.TOTL.ZS,9.6
Rwanda,RWA,2013,Terrestrial and marine protected areas (% of total territorial area),ER.PTD.TOTL.ZS,10.7
Rwanda,RWA,2025,CPIA public sector management and institutions cluster average (1=low to 6=high),IQ.CPA.PUBS.XQ,3.9
Rwanda,RWA,2024,CPIA public sector management and institutions cluster average (1=low to 6=high),IQ.CPA.PUBS.XQ,3.9
Rwanda,RWA,2023,CPIA public sector management and institutions cluster average (1=low to 6=high),IQ.CPA.PUBS.XQ,3.9
Rwanda,RWA,2022,CPIA public sector management and institutions cluster average (1=low to 6=high),IQ.CPA.PUBS.XQ,3.8
Rwanda,RWA,2021,CPIA public sector management and institutions cluster average (1=low to 6=high),IQ.CPA.PUBS.XQ,3.8
Rwanda,RWA,2020,CPIA public sector management and institutions cluster average (1=low to 6=high),IQ.CPA.PUBS.XQ,3.8
Rwanda,RWA,2019,CPIA public sector management and institutions cluster average (1=low to 6=high),IQ.CPA.PUBS.XQ,3.8
Rwanda,RWA,2018,CPIA public sector management and institutions cluster average (1=low to 6=high),IQ.CPA.PUBS.XQ,3.8
Rwanda,RWA,2017,CPIA public sector management and institutions cluster average (1=low to 6=high),IQ.CPA.PUBS.XQ,3.7
Rwanda,RWA,2016,CPIA public sector management and institutions cluster average (1=low to 6=high),IQ.CPA.PUBS.XQ,3.7
Rwanda,RWA,2015,CPIA public sector management and institutions cluster average (1=low to 6=high),IQ.CPA.PUBS.XQ,3.7
Rwanda,RWA,2014,CPIA public sector management and institutions cluster average (1=low to 6=high),IQ.CPA.PUBS.XQ,3.6
Rwanda,RWA,2013,CPIA public sector management and institutions cluster average (1=low to 6=high),IQ.CPA.PUBS.XQ,3.6
Rwanda,RWA,2012,CPIA public sector management and institutions cluster average (1=low to 6=high),IQ.CPA.PUBS.XQ,3.6
Rwanda,RWA,2011,CPIA public sector management and institutions cluster average (1=low to 6=high),IQ.CPA.PUBS.XQ,3.6
Rwanda,RWA,2010,CPIA public sector management and institutions cluster average (1=low to 6=high),IQ.CPA.PUBS.XQ,3.7
Rwanda,RWA,2009,CPIA public sector management and institutions cluster average (1=low to 6=high),IQ.CPA.PUBS.XQ,3.5
Rwanda,RWA,2008,CPIA public sector management and institutions cluster average (1=low to 6=high),IQ.CPA.PUBS.XQ,3.5
Rwanda,RWA,2007,CPIA public sector management and institutions cluster average (1=low to 6=high),IQ.CPA.PUBS.XQ,3.5
Rwanda,RWA,2006,CPIA public sector management and institutions cluster average (1=low to 6=high),IQ.CPA.PUBS.XQ,3.4
Rwanda,RWA,2005,CPIA public sector management and institutions cluster average (1=low to 6=high),IQ.CPA.PUBS.XQ,3.3
Rwanda,RWA,2025,"Agriculture, forestry, and fishing, value added (% of GDP)",NV.AGR.TOTL.ZS,20.3036785808482
Rwanda,RWA,2024,"Agriculture, forestry, and fishing, value added (% of GDP)",NV.AGR.TOTL.ZS,20.7932870939229
Rwanda,RWA,2023,"Agriculture, forestry, and fishing, value added (% of GDP)",NV.AGR.TOTL.ZS,23.1373057605237
Rwanda,RWA,2022,"Agriculture, forestry, and fishing, value added (% of GDP)",NV.AGR.TOTL.ZS,21.9285537380026
Rwanda,RWA,2021,"Agriculture, forestry, and fishing, value added (% of GDP)",NV.AGR.TOTL.ZS,21.4316327202507
Rwanda,RWA,2020,"Agriculture, forestry, and fishing, value added (% of GDP)",NV.AGR.TOTL.ZS,24.1891694102271
Rwanda,RWA,2019,"Agriculture, forestry, and fishing, value added (% of GDP)",NV.AGR.TOTL.ZS,21.5583090597452
Rwanda,RWA,2018,"Agriculture, forestry, and fishing, value added (% of GDP)",NV.AGR.TOTL.ZS,23.2642496908276
Rwanda,RWA,2017,"Agriculture, forestry, and fishing, value added (% of GDP)",NV.AGR.TOTL.ZS,25.6342490728521
Rwanda,RWA,2016,"Agriculture, forestry, and fishing, value added (% of GDP)",NV.AGR.TOTL.ZS,24.2954788777688
Rwanda,RWA,2015,"Agriculture, forestry, and fishing, value added (% of GDP)",NV.AGR.TOTL.ZS,23.1107918816185
Rwanda,RWA,2014,"Agriculture, forestry, and fishing, value added (% of GDP)",NV.AGR.TOTL.ZS,23.6787751489992
Rwanda,RWA,2013,"Agriculture, forestry, and fishing, value added (% of GDP)",NV.AGR.TOTL.ZS,23.8917103230198
Rwanda,RWA,2012,"Agriculture, forestry, and fishing, value added (% of GDP)",NV.AGR.TOTL.ZS,23.7888658574855
Rwanda,RWA,2011,"Agriculture, forestry, and fishing, value added (% of GDP)",NV.AGR.TOTL.ZS,22.9164629891831
Rwanda,RWA,2010,"Agriculture, forestry, and fishing, value added (% of GDP)",NV.AGR.TOTL.ZS,23.4080982541515
Rwanda,RWA,2009,"Agriculture, forestry, and fishing, value added (% of GDP)",NV.AGR.TOTL.ZS,24.4107030429923
Rwanda,RWA,2008,"Agriculture, forestry, and fishing, value added (% of GDP)",NV.AGR.TOTL.ZS,23.9109185815143
Rwanda,RWA,2007,"Agriculture, forestry, and fishing, value added (% of GDP)",NV.AGR.TOTL.ZS,25.1019154407025
Rwanda,RWA,2006,"Agriculture, forestry, and fishing, value added (% of GDP)",NV.AGR.TOTL.ZS,29.0520795791522
Rwanda,RWA,2005,"Agriculture, forestry, and fishing, value added (% of GDP)",NV.AGR.TOTL.ZS,33.7756165293022
Rwanda,RWA,2004,"Agriculture, forestry, and fishing, value added (% of GDP)",NV.AGR.TOTL.ZS,33.895261824051
Rwanda,RWA,2003,"Agriculture, forestry, and fishing, value added (% of GDP)",NV.AGR.TOTL.ZS,33.0353672438095
Rwanda,RWA,2002,"Agriculture, forestry, and fishing, value added (% of GDP)",NV.AGR.TOTL.ZS,30.1946865741942
Rwanda,RWA,2001,"Agriculture, forestry, and fishing, value added (% of GDP)",NV.AGR.TOTL.ZS,31.7940006044905
Rwanda,RWA,2000,"Agriculture, forestry, and fishing, value added (% of GDP)",NV.AGR.TOTL.ZS,31.1849871789041
Rwanda,RWA,1999,"Agriculture, forestry, and fishing, value added (% of GDP)",NV.AGR.TOTL.ZS,31.5456969135603
Rwanda,RWA,1998,"Agriculture, forestry, and fishing, value added (% of GDP)",NV.AGR.TOTL.ZS,45.5174611772785
Rwanda,RWA,1997,"Agriculture, forestry, and fishing, value added (% of GDP)",NV.AGR.TOTL.ZS,45.9609522618159
Rwanda,RWA,1996,"Agriculture, forestry, and fishing, value added (% of GDP)",NV.AGR.TOTL.ZS,47.1892922193967
Rwanda,RWA,1995,"Agriculture, forestry, and fishing, value added (% of GDP)",NV.AGR.TOTL.ZS,44.000449460129
Rwanda,RWA,1994,"Agriculture, forestry, and fishing, value added (% of GDP)",NV.AGR.TOTL.ZS,49.7587461119534
Rwanda,RWA,1993,"Agriculture, forestry, and fishing, value added (% of GDP)",NV.AGR.TOTL.ZS,33.7348925923438
Rwanda,RWA,1992,"Agriculture, forestry, and fishing, value added (% of GDP)",NV.AGR.TOTL.ZS,33.2376150704715
Rwanda,RWA,1991,"Agriculture, forestry, and fishing, value added (% of GDP)",NV.AGR.TOTL.ZS,32.1327069429186
Rwanda,RWA,1990,"Agriculture, forestry, and fishing, value added (% of GDP)",NV.AGR.TOTL.ZS,32.5459939340715
Rwanda,RWA,1989,"Agriculture, forestry, and fishing, value added (% of GDP)",NV.AGR.TOTL.ZS,40.3089108378286
Rwanda,RWA,1988,"Agriculture, forestry, and fishing, value added (% of GDP)",NV.AGR.TOTL.ZS,39.2207718381249
Rwanda,RWA,1987,"Agriculture, forestry, and fishing, value added (% of GDP)",NV.AGR.TOTL.ZS,37.709106705022
Rwanda,RWA,1986,"Agriculture, forestry, and fishing, value added (% of GDP)",NV.AGR.TOTL.ZS,37.526346210719
Rwanda,RWA,1985,"Agriculture, forestry, and fishing, value added (% of GDP)",NV.AGR.TOTL.ZS,41.8358362898293
Rwanda,RWA,1984,"Agriculture, forestry, and fishing, value added (% of GDP)",NV.AGR.TOTL.ZS,40.8375264389259
Rwanda,RWA,1983,"Agriculture, forestry, and fishing, value added (% of GDP)",NV.AGR.TOTL.ZS,38.2026738612162
Rwanda,RWA,1982,"Agriculture, forestry, and fishing, value added (% of GDP)",NV.AGR.TOTL.ZS,39.7837488096659
Rwanda,RWA,1981,"Agriculture, forestry, and fishing, value added (% of GDP)",NV.AGR.TOTL.ZS,40.7371183244235
Rwanda,RWA,1980,"Agriculture, forestry, and fishing, value added (% of GDP)",NV.AGR.TOTL.ZS,45.8468365487895
Rwanda,RWA,1979,"Agriculture, forestry, and fishing, value added (% of GDP)",NV.AGR.TOTL.ZS,49.0381619103978
Rwanda,RWA,1978,"Agriculture, forestry, and fishing, value added (% of GDP)",NV.AGR.TOTL.ZS,42.4182569176694
Rwanda,RWA,1977,"Agriculture, forestry, and fishing, value added (% of GDP)",NV.AGR.TOTL.ZS,46.4609826360986
Rwanda,RWA,1976,"Agriculture, forestry, and fishing, value added (% of GDP)",NV.AGR.TOTL.ZS,49.2160996259593
Rwanda,RWA,1975,"Agriculture, forestry, and fishing, value added (% of GDP)",NV.AGR.TOTL.ZS,49.2135672921012
Rwanda,RWA,1974,"Agriculture, forestry, and fishing, value added (% of GDP)",NV.AGR.TOTL.ZS,59.1352828274281
Rwanda,RWA,1973,"Agriculture, forestry, and fishing, value added (% of GDP)",NV.AGR.TOTL.ZS,61.0245943112513
Rwanda,RWA,1972,"Agriculture, forestry, and fishing, value added (% of GDP)",NV.AGR.TOTL.ZS,59.5594734714485
Rwanda,RWA,1971,"Agriculture, forestry, and fishing, value added (% of GDP)",NV.AGR.TOTL.ZS,61.1785886021882
Rwanda,RWA,1970,"Agriculture, forestry, and fishing, value added (% of GDP)",NV.AGR.TOTL.ZS,61.6189164703635
Rwanda,RWA,1969,"Agriculture, forestry, and fishing, value added (% of GDP)",NV.AGR.TOTL.ZS,65.7906574836383
Rwanda,RWA,1968,"Agriculture, forestry, and fishing, value added (% of GDP)",NV.AGR.TOTL.ZS,65.2833828465855
Rwanda,RWA,1967,"Agriculture, forestry, and fishing, value added (% of GDP)",NV.AGR.TOTL.ZS,65.8510862113287
Rwanda,RWA,1966,"Agriculture, forestry, and fishing, value added (% of GDP)",NV.AGR.TOTL.ZS,74.8669204258459
Rwanda,RWA,1965,"Agriculture, forestry, and fishing, value added (% of GDP)",NV.AGR.TOTL.ZS,74.7917036095711
Rwanda,RWA,2021,"School enrollment, primary and secondary (gross), gender parity index (GPI)",SE.ENR.PRSC.FM.ZS,1.02298998832703
Rwanda,RWA,2019,"School enrollment, primary and secondary (gross), gender parity index (GPI)",SE.ENR.PRSC.FM.ZS,1.00995004177094
Rwanda,RWA,2018,"School enrollment, primary and secondary (gross), gender parity index (GPI)",SE.ENR.PRSC.FM.ZS,1.01159000396729
Rwanda,RWA,2017,"School enrollment, primary and secondary (gross), gender parity index (GPI)",SE.ENR.PRSC.FM.ZS,1.01505994796753
Rwanda,RWA,2016,"School enrollment, primary and secondary (gross), gender parity index (GPI)",SE.ENR.PRSC.FM.ZS,1.01540005207062
Rwanda,RWA,2015,"School enrollment, primary and secondary (gross), gender parity index (GPI)",SE.ENR.PRSC.FM.ZS,1.02611005306244
Rwanda,RWA,2014,"School enrollment, primary and secondary (gross), gender parity index (GPI)",SE.ENR.PRSC.FM.ZS,1.03743004798889
Rwanda,RWA,2013,"School enrollment, primary and secondary (gross), gender parity index (GPI)",SE.ENR.PRSC.FM.ZS,1.03242003917694
Rwanda,RWA,2012,"School enrollment, primary and secondary (gross), gender parity index (GPI)",SE.ENR.PRSC.FM.ZS,1.02889001369476
Rwanda,RWA,2011,"School enrollment, primary and secondary (gross), gender parity index (GPI)",SE.ENR.PRSC.FM.ZS,1.02654004096985
Rwanda,RWA,2010,"School enrollment, primary and secondary (gross), gender parity index (GPI)",SE.ENR.PRSC.FM.ZS,1.01434004306793
Rwanda,RWA,2009,"School enrollment, primary and secondary (gross), gender parity index (GPI)",SE.ENR.PRSC.FM.ZS,1.00713002681732
Rwanda,RWA,2008,"School enrollment, primary and secondary (gross), gender parity index (GPI)",SE.ENR.PRSC.FM.ZS,1.0050300359726
Rwanda,RWA,2007,"School enrollment, primary and secondary (gross), gender parity index (GPI)",SE.ENR.PRSC.FM.ZS,1.00548994541168
Rwanda,RWA,2006,"School enrollment, primary and secondary (gross), gender parity index (GPI)",SE.ENR.PRSC.FM.ZS,1.02309000492096
Rwanda,RWA,2005,"School enrollment, primary and secondary (gross), gender parity index (GPI)",SE.ENR.PRSC.FM.ZS,1.00641000270844
Rwanda,RWA,2004,"School enrollment, primary and secondary (gross), gender parity index (GPI)",SE.ENR.PRSC.FM.ZS,0.997940003871918
Rwanda,RWA,2003,"School enrollment, primary and secondary (gross), gender parity index (GPI)",SE.ENR.PRSC.FM.ZS,0.980130016803741
Rwanda,RWA,2002,"School enrollment, primary and secondary (gross), gender parity index (GPI)",SE.ENR.PRSC.FM.ZS,0.976870000362396
Rwanda,RWA,2001,"School enrollment, primary and secondary (gross), gender parity index (GPI)",SE.ENR.PRSC.FM.ZS,0.963789999485016
Rwanda,RWA,2000,"School enrollment, primary and secondary (gross), gender parity index (GPI)",SE.ENR.PRSC.FM.ZS,0.93997997045517
Rwanda,RWA,1999,"School enrollment, primary and secondary (gross), gender parity index (GPI)",SE.ENR.PRSC.FM.ZS,0.956330001354218
Rwanda,RWA,1992,"School enrollment, primary and secondary (gross), gender parity index (GPI)",SE.ENR.PRSC.FM.ZS,0.952400028705597
Rwanda,RWA,1991,"School enrollment, primary and secondary (gross), gender parity index (GPI)",SE.ENR.PRSC.FM.ZS,0.960860013961792
Rwanda,RWA,1990,"School enrollment, primary and secondary (gross), gender parity index (GPI)",SE.ENR.PRSC.FM.ZS,0.956309974193573
Rwanda,RWA,1989,"School enrollment, primary and secondary (gross), gender parity index (GPI)",SE.ENR.PRSC.FM.ZS,0.949400007724762
Rwanda,RWA,1988,"School enrollment, primary and secondary (gross), gender parity index (GPI)",SE.ENR.PRSC.FM.ZS,0.942659974098206
Rwanda,RWA,1987,"School enrollment, primary and secondary (gross), gender parity index (GPI)",SE.ENR.PRSC.FM.ZS,0.936179995536804
Rwanda,RWA,1986,"School enrollment, primary and secondary (gross), gender parity index (GPI)",SE.ENR.PRSC.FM.ZS,0.92451000213623
Rwanda,RWA,1985,"School enrollment, primary and secondary (gross), gender parity index (GPI)",SE.ENR.PRSC.FM.ZS,0.913770020008087
Rwanda,RWA,1984,"School enrollment, primary and secondary (gross), gender parity index (GPI)",SE.ENR.PRSC.FM.ZS,0.908879995346069
Rwanda,RWA,1983,"School enrollment, primary and secondary (gross), gender parity index (GPI)",SE.ENR.PRSC.FM.ZS,0.907769978046417
Rwanda,RWA,1982,"School enrollment, primary and secondary (gross), gender parity index (GPI)",SE.ENR.PRSC.FM.ZS,0.905610024929047
Rwanda,RWA,1981,"School enrollment, primary and secondary (gross), gender parity index (GPI)",SE.ENR.PRSC.FM.ZS,0.899290025234222
Rwanda,RWA,1980,"School enrollment, primary and secondary (gross), gender parity index (GPI)",SE.ENR.PRSC.FM.ZS,0.895619988441467
Rwanda,RWA,1979,"School enrollment, primary and secondary (gross), gender parity index (GPI)",SE.ENR.PRSC.FM.ZS,0.89138001203537
Rwanda,RWA,1978,"School enrollment, primary and secondary (gross), gender parity index (GPI)",SE.ENR.PRSC.FM.ZS,0.880819976329803
Rwanda,RWA,1977,"School enrollment, primary and secondary (gross), gender parity index (GPI)",SE.ENR.PRSC.FM.ZS,0.8646399974823
Rwanda,RWA,1976,"School enrollment, primary and secondary (gross), gender parity index (GPI)",SE.ENR.PRSC.FM.ZS,0.84486997127533
Rwanda,RWA,1971,"School enrollment, primary and secondary (gross), gender parity index (GPI)",SE.ENR.PRSC.FM.ZS,0.776579976081848
Rwanda,RWA,2024,"Primary completion rate, total (% of relevant age group)",SE.PRM.CMPT.ZS,66.8181034887911
Rwanda,RWA,2023,"Primary completion rate, total (% of relevant age group)",SE.PRM.CMPT.ZS,59.3042433145261
Rwanda,RWA,2021,"Primary completion rate, total (% of relevant age group)",SE.PRM.CMPT.ZS,95.4018170049936
Rwanda,RWA,2019,"Primary completion rate, total (% of relevant age group)",SE.PRM.CMPT.ZS,95.977301224131
Rwanda,RWA,2018,"Primary completion rate, total (% of relevant age group)",SE.PRM.CMPT.ZS,84.2233360485587
Rwanda,RWA,2017,"Primary completion rate, total (% of relevant age group)",SE.PRM.CMPT.ZS,76.0721783802394
Rwanda,RWA,2016,"Primary completion rate, total (% of relevant age group)",SE.PRM.CMPT.ZS,67.7449990888319
Rwanda,RWA,2015,"Primary completion rate, total (% of relevant age group)",SE.PRM.CMPT.ZS,63.1980644451776
Rwanda,RWA,2014,"Primary completion rate, total (% of relevant age group)",SE.PRM.CMPT.ZS,64.2972970895872
Rwanda,RWA,2013,"Primary completion rate, total (% of relevant age group)",SE.PRM.CMPT.ZS,58.8075224064365
Rwanda,RWA,2012,"Primary completion rate, total (% of relevant age group)",SE.PRM.CMPT.ZS,74.8167686688917
Rwanda,RWA,2010,"Primary completion rate, total (% of relevant age group)",SE.PRM.CMPT.ZS,75.8724467481629
Rwanda,RWA,2009,"Primary completion rate, total (% of relevant age group)",SE.PRM.CMPT.ZS,72.6080169677734
Rwanda,RWA,2008,"Primary completion rate, total (% of relevant age group)",SE.PRM.CMPT.ZS,53.0556182861328
Rwanda,RWA,2004,"Primary completion rate, total (% of relevant age group)",SE.PRM.CMPT.ZS,41.7583999633789
Rwanda,RWA,2003,"Primary completion rate, total (% of relevant age group)",SE.PRM.CMPT.ZS,43.0246887207031
Rwanda,RWA,2002,"Primary completion rate, total (% of relevant age group)",SE.PRM.CMPT.ZS,31.7821998596191
Rwanda,RWA,2001,"Primary completion rate, total (% of relevant age group)",SE.PRM.CMPT.ZS,26.5409393310547
Rwanda,RWA,2000,"Primary completion rate, total (% of relevant age group)",SE.PRM.CMPT.ZS,23.7676105499268
Rwanda,RWA,1999,"Primary completion rate, total (% of relevant age group)",SE.PRM.CMPT.ZS,23.939079284668
Rwanda,RWA,1992,"Primary completion rate, total (% of relevant age group)",SE.PRM.CMPT.ZS,42.7166213989258
Rwanda,RWA,1991,"Primary completion rate, total (% of relevant age group)",SE.PRM.CMPT.ZS,42.2317886352539
Rwanda,RWA,1990,"Primary completion rate, total (% of relevant age group)",SE.PRM.CMPT.ZS,42.9780311584473
Rwanda,RWA,1989,"Primary completion rate, total (% of relevant age group)",SE.PRM.CMPT.ZS,44.3020286560059
Rwanda,RWA,1988,"Primary completion rate, total (% of relevant age group)",SE.PRM.CMPT.ZS,44.0131187438965
Rwanda,RWA,1987,"Primary completion rate, total (% of relevant age group)",SE.PRM.CMPT.ZS,42.8352012634277
Rwanda,RWA,1986,"Primary completion rate, total (% of relevant age group)",SE.PRM.CMPT.ZS,43.0409088134766
Rwanda,RWA,1985,"Primary completion rate, total (% of relevant age group)",SE.PRM.CMPT.ZS,46.1984481811523
Rwanda,RWA,1984,"Primary completion rate, total (% of relevant age group)",SE.PRM.CMPT.ZS,44.7841682434082
Rwanda,RWA,1983,"Primary completion rate, total (% of relevant age group)",SE.PRM.CMPT.ZS,43.4875717163086
Rwanda,RWA,1982,"Primary completion rate, total (% of relevant age group)",SE.PRM.CMPT.ZS,45.1123809814453
Rwanda,RWA,1981,"Primary completion rate, total (% of relevant age group)",SE.PRM.CMPT.ZS,46.0979690551758
Rwanda,RWA,1980,"Primary completion rate, total (% of relevant age group)",SE.PRM.CMPT.ZS,35.5729484558105
Rwanda,RWA,1978,"Primary completion rate, total (% of relevant age group)",SE.PRM.CMPT.ZS,25.9936103820801
Rwanda,RWA,1977,"Primary completion rate, total (% of relevant age group)",SE.PRM.CMPT.ZS,27.9745197296143
Rwanda,RWA,1975,"Primary completion rate, total (% of relevant age group)",SE.PRM.CMPT.ZS,25.5489406585693
Rwanda,RWA,1974,"Primary completion rate, total (% of relevant age group)",SE.PRM.CMPT.ZS,23.7633304595947
Rwanda,RWA,1973,"Primary completion rate, total (% of relevant age group)",SE.PRM.CMPT.ZS,22.6887493133545
Rwanda,RWA,1972,"Primary completion rate, total (% of relevant age group)",SE.PRM.CMPT.ZS,20.6436595916748
Rwanda,RWA,1971,"Primary completion rate, total (% of relevant age group)",SE.PRM.CMPT.ZS,19.1994800567627
Rwanda,RWA,2024,"Mortality rate, under-5 (per 1,000 live births)",SH.DYN.MORT,37.7
Rwanda,RWA,2023,"Mortality rate, under-5 (per 1,000 live births)",SH.DYN.MORT,38.8
Rwanda,RWA,2022,"Mortality rate, under-5 (per 1,000 live births)",SH.DYN.MORT,39.7
Rwanda,RWA,2021,"Mortality rate, under-5 (per 1,000 live births)",SH.DYN.MORT,40.6
Rwanda,RWA,2020,"Mortality rate, under-5 (per 1,000 live births)",SH.DYN.MORT,41.6
Rwanda,RWA,2019,"Mortality rate, under-5 (per 1,000 live births)",SH.DYN.MORT,42.7
Rwanda,RWA,2018,"Mortality rate, under-5 (per 1,000 live births)",SH.DYN.MORT,43.7
Rwanda,RWA,2017,"Mortality rate, under-5 (per 1,000 live births)",SH.DYN.MORT,44.7
Rwanda,RWA,2016,"Mortality rate, under-5 (per 1,000 live births)",SH.DYN.MORT,45.8
Rwanda,RWA,2015,"Mortality rate, under-5 (per 1,000 live births)",SH.DYN.MORT,47.3
Rwanda,RWA,2014,"Mortality rate, under-5 (per 1,000 live births)",SH.DYN.MORT,49.2
Rwanda,RWA,2013,"Mortality rate, under-5 (per 1,000 live births)",SH.DYN.MORT,51.4
Rwanda,RWA,2012,"Mortality rate, under-5 (per 1,000 live births)",SH.DYN.MORT,54.2
Rwanda,RWA,2011,"Mortality rate, under-5 (per 1,000 live births)",SH.DYN.MORT,58.1
Rwanda,RWA,2010,"Mortality rate, under-5 (per 1,000 live births)",SH.DYN.MORT,63.3
Rwanda,RWA,2009,"Mortality rate, under-5 (per 1,000 live births)",SH.DYN.MORT,69.1
Rwanda,RWA,2008,"Mortality rate, under-5 (per 1,000 live births)",SH.DYN.MORT,76
Rwanda,RWA,2007,"Mortality rate, under-5 (per 1,000 live births)",SH.DYN.MORT,84.1
Rwanda,RWA,2006,"Mortality rate, under-5 (per 1,000 live births)",SH.DYN.MORT,93.4
Rwanda,RWA,2005,"Mortality rate, under-5 (per 1,000 live births)",SH.DYN.MORT,104.5
Rwanda,RWA,2004,"Mortality rate, under-5 (per 1,000 live births)",SH.DYN.MORT,117.5
Rwanda,RWA,2003,"Mortality rate, under-5 (per 1,000 live births)",SH.DYN.MORT,132.7
Rwanda,RWA,2002,"Mortality rate, under-5 (per 1,000 live births)",SH.DYN.MORT,149.1
Rwanda,RWA,2001,"Mortality rate, under-5 (per 1,000 live births)",SH.DYN.MORT,166.5
Rwanda,RWA,2000,"Mortality rate, under-5 (per 1,000 live births)",SH.DYN.MORT,184.2
Rwanda,RWA,1999,"Mortality rate, under-5 (per 1,000 live births)",SH.DYN.MORT,200.6
Rwanda,RWA,1998,"Mortality rate, under-5 (per 1,000 live births)",SH.DYN.MORT,213.9
Rwanda,RWA,1997,"Mortality rate, under-5 (per 1,000 live births)",SH.DYN.MORT,221.4
Rwanda,RWA,1996,"Mortality rate, under-5 (per 1,000 live births)",SH.DYN.MORT,222.3
Rwanda,RWA,1995,"Mortality rate, under-5 (per 1,000 live births)",SH.DYN.MORT,218.4
Rwanda,RWA,1994,"Mortality rate, under-5 (per 1,000 live births)",SH.DYN.MORT,389
Rwanda,RWA,1993,"Mortality rate, under-5 (per 1,000 live births)",SH.DYN.MORT,192.8
Rwanda,RWA,1992,"Mortality rate, under-5 (per 1,000 live births)",SH.DYN.MORT,175.6
Rwanda,RWA,1991,"Mortality rate, under-5 (per 1,000 live births)",SH.DYN.MORT,160.4
Rwanda,RWA,1990,"Mortality rate, under-5 (per 1,000 live births)",SH.DYN.MORT,150.7
Rwanda,RWA,1989,"Mortality rate, under-5 (per 1,000 live births)",SH.DYN.MORT,147.3
Rwanda,RWA,1988,"Mortality rate, under-5 (per 1,000 live births)",SH.DYN.MORT,148.1
Rwanda,RWA,1987,"Mortality rate, under-5 (per 1,000 live births)",SH.DYN.MORT,151.3
Rwanda,RWA,1986,"Mortality rate, under-5 (per 1,000 live births)",SH.DYN.MORT,155.7
Rwanda,RWA,1985,"Mortality rate, under-5 (per 1,000 live births)",SH.DYN.MORT,160.9
Rwanda,RWA,1984,"Mortality rate, under-5 (per 1,000 live births)",SH.DYN.MORT,166.6
Rwanda,RWA,1983,"Mortality rate, under-5 (per 1,000 live births)",SH.DYN.MORT,174.5
Rwanda,RWA,1982,"Mortality rate, under-5 (per 1,000 live births)",SH.DYN.MORT,186.6
Rwanda,RWA,1981,"Mortality rate, under-5 (per 1,000 live births)",SH.DYN.MORT,202
Rwanda,RWA,1980,"Mortality rate, under-5 (per 1,000 live births)",SH.DYN.MORT,219
Rwanda,RWA,1979,"Mortality rate, under-5 (per 1,000 live births)",SH.DYN.MORT,234.6
Rwanda,RWA,1978,"Mortality rate, under-5 (per 1,000 live births)",SH.DYN.MORT,246.2
Rwanda,RWA,1977,"Mortality rate, under-5 (per 1,000 live births)",SH.DYN.MORT,251.3
Rwanda,RWA,1976,"Mortality rate, under-5 (per 1,000 live births)",SH.DYN.MORT,250.2
Rwanda,RWA,1975,"Mortality rate, under-5 (per 1,000 live births)",SH.DYN.MORT,245.4
Rwanda,RWA,1974,"Mortality rate, under-5 (per 1,000 live births)",SH.DYN.MORT,239
Rwanda,RWA,1973,"Mortality rate, under-5 (per 1,000 live births)",SH.DYN.MORT,233
Rwanda,RWA,1972,"Mortality rate, under-5 (per 1,000 live births)",SH.DYN.MORT,227.8
Rwanda,RWA,1971,"Mortality rate, under-5 (per 1,000 live births)",SH.DYN.MORT,224
Rwanda,RWA,1970,"Mortality rate, under-5 (per 1,000 live births)",SH.DYN.MORT,220.3
Rwanda,RWA,1969,"Mortality rate, under-5 (per 1,000 live births)",SH.DYN.MORT,216.8
Rwanda,RWA,1968,"Mortality rate, under-5 (per 1,000 live births)",SH.DYN.MORT,213.6
Rwanda,RWA,1967,"Mortality rate, under-5 (per 1,000 live births)",SH.DYN.MORT,211
Rwanda,RWA,1966,"Mortality rate, under-5 (per 1,000 live births)",SH.DYN.MORT,208.8
Rwanda,RWA,1965,"Mortality rate, under-5 (per 1,000 live births)",SH.DYN.MORT,207.4
Rwanda,RWA,1964,"Mortality rate, under-5 (per 1,000 live births)",SH.DYN.MORT,207
Rwanda,RWA,1963,"Mortality rate, under-5 (per 1,000 live births)",SH.DYN.MORT,207.6
Rwanda,RWA,1962,"Mortality rate, under-5 (per 1,000 live births)",SH.DYN.MORT,209.6
Rwanda,RWA,1961,"Mortality rate, under-5 (per 1,000 live births)",SH.DYN.MORT,213
Rwanda,RWA,1960,"Mortality rate, under-5 (per 1,000 live births)",SH.DYN.MORT,217.7
Rwanda,RWA,2004,"Community health workers (per 1,000 people)",SH.MED.CMHW.P3,1.359
Rwanda,RWA,2020,"Prevalence of underweight, weight for age (% of children under 5)",SH.STA.MALN.ZS,7.7
Rwanda,RWA,2018,"Prevalence of underweight, weight for age (% of children under 5)",SH.STA.MALN.ZS,12.3
Rwanda,RWA,2015,"Prevalence of underweight, weight for age (% of children under 5)",SH.STA.MALN.ZS,9.6
Rwanda,RWA,2012,"Prevalence of underweight, weight for age (% of children under 5)",SH.STA.MALN.ZS,10.9
Rwanda,RWA,2010,"Prevalence of underweight, weight for age (% of children under 5)",SH.STA.MALN.ZS,11.7
Rwanda,RWA,2009,"Prevalence of underweight, weight for age (% of children under 5)",SH.STA.MALN.ZS,14.3
Rwanda,RWA,2005,"Prevalence of underweight, weight for age (% of children under 5)",SH.STA.MALN.ZS,17.9
Rwanda,RWA,2000,"Prevalence of underweight, weight for age (% of children under 5)",SH.STA.MALN.ZS,20.3
Rwanda,RWA,1996,"Prevalence of underweight, weight for age (% of children under 5)",SH.STA.MALN.ZS,22.6
Rwanda,RWA,1992,"Prevalence of underweight, weight for age (% of children under 5)",SH.STA.MALN.ZS,24.2
Rwanda,RWA,2023,Poverty headcount ratio at $3.00 a day (2021 PPP) (% of population),SI.POV.DDAY,38.6
Rwanda,RWA,2016,Poverty headcount ratio at $3.00 a day (2021 PPP) (% of population),SI.POV.DDAY,63.8
Rwanda,RWA,2013,Poverty headcount ratio at $3.00 a day (2021 PPP) (% of population),SI.POV.DDAY,65.2
Rwanda,RWA,2010,Poverty headcount ratio at $3.00 a day (2021 PPP) (% of population),SI.POV.DDAY,70.2
Rwanda,RWA,2005,Poverty headcount ratio at $3.00 a day (2021 PPP) (% of population),SI.POV.DDAY,74.2
Rwanda,RWA,2000,Poverty headcount ratio at $3.00 a day (2021 PPP) (% of population),SI.POV.DDAY,82.3
Rwanda,RWA,2025,Population growth (annual %),SP.POP.GROW,2.17017465948949
Rwanda,RWA,2024,Population growth (annual %),SP.POP.GROW,2.14176839550509
Rwanda,RWA,2023,Population growth (annual %),SP.POP.GROW,2.1984982050137
Rwanda,RWA,2022,Population growth (annual %),SP.POP.GROW,2.19046619232976
Rwanda,RWA,2021,Population growth (annual %),SP.POP.GROW,2.1909353521865
Rwanda,RWA,2020,Population growth (annual %),SP.POP.GROW,2.24244883430144
Rwanda,RWA,2019,Population growth (annual %),SP.POP.GROW,2.28086099658628
Rwanda,RWA,2018,Population growth (annual %),SP.POP.GROW,2.31630729613291
Rwanda,RWA,2017,Population growth (annual %),SP.POP.GROW,2.34556709244995
Rwanda,RWA,2016,Population growth (annual %),SP.POP.GROW,2.36997866838859
Rwanda,RWA,2015,Population growth (annual %),SP.POP.GROW,2.39322566941773
Rwanda,RWA,2014,Population growth (annual %),SP.POP.GROW,2.41721473954366
Rwanda,RWA,2013,Population growth (annual %),SP.POP.GROW,2.40340085493768
Rwanda,RWA,2012,Population growth (annual %),SP.POP.GROW,2.39380128171382
Rwanda,RWA,2011,Population growth (annual %),SP.POP.GROW,2.45262873450153
Rwanda,RWA,2010,Population growth (annual %),SP.POP.GROW,2.52365134392041
Rwanda,RWA,2009,Population growth (annual %),SP.POP.GROW,2.57922030255665
Rwanda,RWA,2008,Population growth (annual %),SP.POP.GROW,2.62837643087324
Rwanda,RWA,2007,Population growth (annual %),SP.POP.GROW,2.66008171576066
Rwanda,RWA,2006,Population growth (annual %),SP.POP.GROW,2.66683575241351
Rwanda,RWA,2005,Population growth (annual %),SP.POP.GROW,2.66009812240039
Rwanda,RWA,2004,Population growth (annual %),SP.POP.GROW,2.6429108159401
Rwanda,RWA,2003,Population growth (annual %),SP.POP.GROW,2.19817405049677
Rwanda,RWA,2002,Population growth (annual %),SP.POP.GROW,1.35537693210796
Rwanda,RWA,2001,Population growth (annual %),SP.POP.GROW,0.886774966312804
Rwanda,RWA,2000,Population growth (annual %),SP.POP.GROW,0.806991709703052
Rwanda,RWA,1999,Population growth (annual %),SP.POP.GROW,0.816180266067736
Rwanda,RWA,1998,Population growth (annual %),SP.POP.GROW,4.12314094141164
Rwanda,RWA,1997,Population growth (annual %),SP.POP.GROW,14.4953754701447
Rwanda,RWA,1996,Population growth (annual %),SP.POP.GROW,16.7499598547072
Rwanda,RWA,1995,Population growth (annual %),SP.POP.GROW,-17.9882140556853
Rwanda,RWA,1994,Population growth (annual %),SP.POP.GROW,-16.1282982694482
Rwanda,RWA,1993,Population growth (annual %),SP.POP.GROW,3.80355388592275
Rwanda,RWA,1992,Population growth (annual %),SP.POP.GROW,2.05526782083456
Rwanda,RWA,1991,Population growth (annual %),SP.POP.GROW,2.03545104921753
Rwanda,RWA,1990,Population growth (annual %),SP.POP.GROW,2.61829283647187
Rwanda,RWA,1989,Population growth (annual %),SP.POP.GROW,3.06161711777066
Rwanda,RWA,1988,Population growth (annual %),SP.POP.GROW,3.18710379833714
Rwanda,RWA,1987,Population growth (annual %),SP.POP.GROW,3.2772434013752
Rwanda,RWA,1986,Population growth (annual %),SP.POP.GROW,3.34144525912117
Rwanda,RWA,1985,Population growth (annual %),SP.POP.GROW,3.37421863082111
Rwanda,RWA,1984,Population growth (annual %),SP.POP.GROW,3.36862025455561
Rwanda,RWA,1983,Population growth (annual %),SP.POP.GROW,3.33618501562006
Rwanda,RWA,1982,Population growth (annual %),SP.POP.GROW,3.28034794567009
Rwanda,RWA,1981,Population growth (annual %),SP.POP.GROW,3.19812515562507
Rwanda,RWA,1980,Population growth (annual %),SP.POP.GROW,3.10602803640107
Rwanda,RWA,1979,Population growth (annual %),SP.POP.GROW,3.01977661024809
Rwanda,RWA,1978,Population growth (annual %),SP.POP.GROW,2.96151673577013
Rwanda,RWA,1977,Population growth (annual %),SP.POP.GROW,2.95398549061943
Rwanda,RWA,1976,Population growth (annual %),SP.POP.GROW,2.95575717204717
Rwanda,RWA,1975,Population growth (annual %),SP.POP.GROW,2.94010709955122
Rwanda,RWA,1974,Population growth (annual %),SP.POP.GROW,2.92972471881705
Rwanda,RWA,1973,Population growth (annual %),SP.POP.GROW,2.91220669064796
Rwanda,RWA,1972,Population growth (annual %),SP.POP.GROW,2.89168034234476
Rwanda,RWA,1971,Population growth (annual %),SP.POP.GROW,2.95478097370043
Rwanda,RWA,1970,Population growth (annual %),SP.POP.GROW,3.04534917338397
Rwanda,RWA,1969,Population growth (annual %),SP.POP.GROW,3.08391743372013
Rwanda,RWA,1968,Population growth (annual %),SP.POP.GROW,3.10411169908327
Rwanda,RWA,1967,Population growth (annual %),SP.POP.GROW,3.01932977905873
Rwanda,RWA,1966,Population growth (annual %),SP.POP.GROW,2.83441074110454
Rwanda,RWA,1965,Population growth (annual %),SP.POP.GROW,2.61558043431631
Rwanda,RWA,1964,Population growth (annual %),SP.POP.GROW,2.3036256415404
Rwanda,RWA,1963,Population growth (annual %),SP.POP.GROW,2.26125883139658
Rwanda,RWA,1962,Population growth (annual %),SP.POP.GROW,2.51875601129914
Rwanda,RWA,1961,Population growth (annual %),SP.POP.GROW,2.75703524902543
Rwanda,RWA,2025,"Population, total",SP.POP.TOTL,14569341
Rwanda,RWA,2024,"Population, total",SP.POP.TOTL,14256567
Rwanda,RWA,2023,"Population, total",SP.POP.TOTL,13954471
Rwanda,RWA,2022,"Population, total",SP.POP.TOTL,13651030
Rwanda,RWA,2021,"Population, total",SP.POP.TOTL,13355260
Rwanda,RWA,2020,"Population, total",SP.POP.TOTL,13065837
Rwanda,RWA,2019,"Population, total",SP.POP.TOTL,12776103
Rwanda,RWA,2018,"Population, total",SP.POP.TOTL,12487996
Rwanda,RWA,2017,"Population, total",SP.POP.TOTL,12202060
Rwanda,RWA,2016,"Population, total",SP.POP.TOTL,11919183
Rwanda,RWA,2015,"Population, total",SP.POP.TOTL,11640022
Rwanda,RWA,2014,"Population, total",SP.POP.TOTL,11364757
Rwanda,RWA,2013,"Population, total",SP.POP.TOTL,11093340
Rwanda,RWA,2012,"Population, total",SP.POP.TOTL,10829901
Rwanda,RWA,2011,"Population, total",SP.POP.TOTL,10573733
Rwanda,RWA,2010,"Population, total",SP.POP.TOTL,10317553
Rwanda,RWA,2009,"Population, total",SP.POP.TOTL,10060432
Rwanda,RWA,2008,"Population, total",SP.POP.TOTL,9804269
Rwanda,RWA,2007,"Population, total",SP.POP.TOTL,9549933
Rwanda,RWA,2006,"Population, total",SP.POP.TOTL,9299246
Rwanda,RWA,2005,"Population, total",SP.POP.TOTL,9054528
Rwanda,RWA,2004,"Population, total",SP.POP.TOTL,8816844
Rwanda,RWA,2003,"Population, total",SP.POP.TOTL,8586875
Rwanda,RWA,2002,"Population, total",SP.POP.TOTL,8400180
Rwanda,RWA,2001,"Population, total",SP.POP.TOTL,8287094
Rwanda,RWA,2000,"Population, total",SP.POP.TOTL,8213931
Rwanda,RWA,1999,"Population, total",SP.POP.TOTL,8147912
Rwanda,RWA,1998,"Population, total",SP.POP.TOTL,8081681
Rwanda,RWA,1997,"Population, total",SP.POP.TOTL,7755238
Rwanda,RWA,1996,"Population, total",SP.POP.TOTL,6708764
Rwanda,RWA,1995,"Population, total",SP.POP.TOTL,5674118
Rwanda,RWA,1994,"Population, total",SP.POP.TOTL,6792352
Rwanda,RWA,1993,"Population, total",SP.POP.TOTL,7981132
Rwanda,RWA,1992,"Population, total",SP.POP.TOTL,7683266
Rwanda,RWA,1991,"Population, total",SP.POP.TOTL,7526966
Rwanda,RWA,1990,"Population, total",SP.POP.TOTL,7375307
Rwanda,RWA,1989,"Population, total",SP.POP.TOTL,7184706
Rwanda,RWA,1988,"Population, total",SP.POP.TOTL,6968071
Rwanda,RWA,1987,"Population, total",SP.POP.TOTL,6749493
Rwanda,RWA,1986,"Population, total",SP.POP.TOTL,6531881
Rwanda,RWA,1985,"Population, total",SP.POP.TOTL,6317228
Rwanda,RWA,1984,"Population, total",SP.POP.TOTL,6107627
Rwanda,RWA,1983,"Population, total",SP.POP.TOTL,5905311
Rwanda,RWA,1982,"Population, total",SP.POP.TOTL,5711549
Rwanda,RWA,1981,"Population, total",SP.POP.TOTL,5527230
Rwanda,RWA,1980,"Population, total",SP.POP.TOTL,5353259
Rwanda,RWA,1979,"Population, total",SP.POP.TOTL,5189541
Rwanda,RWA,1978,"Population, total",SP.POP.TOTL,5035171
Rwanda,RWA,1977,"Population, total",SP.POP.TOTL,4888240
Rwanda,RWA,1976,"Population, total",SP.POP.TOTL,4745954
Rwanda,RWA,1975,"Population, total",SP.POP.TOTL,4607728
Rwanda,RWA,1974,"Population, total",SP.POP.TOTL,4474228
Rwanda,RWA,1973,"Population, total",SP.POP.TOTL,4345047
Rwanda,RWA,1972,"Population, total",SP.POP.TOTL,4220335
Rwanda,RWA,1971,"Population, total",SP.POP.TOTL,4100044
Rwanda,RWA,1970,"Population, total",SP.POP.TOTL,3980669
Rwanda,RWA,1969,"Population, total",SP.POP.TOTL,3861271
Rwanda,RWA,1968,"Population, total",SP.POP.TOTL,3744010
Rwanda,RWA,1967,"Population, total",SP.POP.TOTL,3629577
Rwanda,RWA,1966,"Population, total",SP.POP.TOTL,3521626
Rwanda,RWA,1965,"Population, total",SP.POP.TOTL,3423210
Rwanda,RWA,1964,"Population, total",SP.POP.TOTL,3334834
Rwanda,RWA,1963,"Population, total",SP.POP.TOTL,3258890
Rwanda,RWA,1962,"Population, total",SP.POP.TOTL,3186025
Rwanda,RWA,1961,"Population, total",SP.POP.TOTL,3106779
Rwanda,RWA,1960,"Population, total",SP.POP.TOTL,3022294
Rwanda,RWA,2025,Urban population growth (annual %),SP.URB.GROW,5.55351705171871
Rwanda,RWA,2024,Urban population growth (annual %),SP.URB.GROW,5.64716525959838
Rwanda,RWA,2023,Urban population growth (annual %),SP.URB.GROW,5.99461839278821
Rwanda,RWA,2022,Urban population growth (annual %),SP.URB.GROW,8.41216905490219
Rwanda,RWA,2021,Urban population growth (annual %),SP.URB.GROW,8.52382771076354
Rwanda,RWA,2020,Urban population growth (annual %),SP.URB.GROW,8.69819879632089
Rwanda,RWA,2019,Urban population growth (annual %),SP.URB.GROW,8.70483012072618
Rwanda,RWA,2018,Urban population growth (annual %),SP.URB.GROW,8.51166548585975
Rwanda,RWA,2017,Urban population growth (annual %),SP.URB.GROW,8.06916696962031
Rwanda,RWA,2016,Urban population growth (annual %),SP.URB.GROW,7.33433249429036
Rwanda,RWA,2015,Urban population growth (annual %),SP.URB.GROW,6.27772586874097
Rwanda,RWA,2014,Urban population growth (annual %),SP.URB.GROW,4.89218676859769
Rwanda,RWA,2013,Urban population growth (annual %),SP.URB.GROW,3.18655194284357
Rwanda,RWA,2012,Urban population growth (annual %),SP.URB.GROW,2.44497953015304
Rwanda,RWA,2011,Urban population growth (annual %),SP.URB.GROW,2.49280230256125
Rwanda,RWA,2010,Urban population growth (annual %),SP.URB.GROW,2.5524228691024
Rwanda,RWA,2009,Urban population growth (annual %),SP.URB.GROW,2.60046889100869
Rwanda,RWA,2008,Urban population growth (annual %),SP.URB.GROW,2.64612716711945
Rwanda,RWA,2007,Urban population growth (annual %),SP.URB.GROW,2.67823997031345
Rwanda,RWA,2006,Urban population growth (annual %),SP.URB.GROW,2.68934981041493
Rwanda,RWA,2005,Urban population growth (annual %),SP.URB.GROW,2.6908450571903
Rwanda,RWA,2004,Urban population growth (annual %),SP.URB.GROW,2.68595662077977
Rwanda,RWA,2003,Urban population growth (annual %),SP.URB.GROW,2.29795473519903
Rwanda,RWA,2002,Urban population growth (annual %),SP.URB.GROW,3.32479230086688
Rwanda,RWA,2001,Urban population growth (annual %),SP.URB.GROW,5.64063580854919
Rwanda,RWA,2000,Urban population growth (annual %),SP.URB.GROW,8.08083176249647
Rwanda,RWA,1999,Urban population growth (annual %),SP.URB.GROW,10.4523331246106
Rwanda,RWA,1998,Urban population growth (annual %),SP.URB.GROW,15.988480468802
Rwanda,RWA,1997,Urban population growth (annual %),SP.URB.GROW,28.3966647841992
Rwanda,RWA,1996,Urban population growth (annual %),SP.URB.GROW,32.2985213582187
Rwanda,RWA,1995,Urban population growth (annual %),SP.URB.GROW,-1.60498435353048
Rwanda,RWA,1994,Urban population growth (annual %),SP.URB.GROW,-0.489847843472127
Rwanda,RWA,1993,Urban population growth (annual %),SP.URB.GROW,16.0323498527063
Rwanda,RWA,1992,Urban population growth (annual %),SP.URB.GROW,7.5066942891943
Rwanda,RWA,1991,Urban population growth (annual %),SP.URB.GROW,3.68880167693895
Rwanda,RWA,1990,Urban population growth (annual %),SP.URB.GROW,4.05148776958706
Rwanda,RWA,1989,Urban population growth (annual %),SP.URB.GROW,4.23655151748245
Rwanda,RWA,1988,Urban population growth (annual %),SP.URB.GROW,4.15233966431836
Rwanda,RWA,1987,Urban population growth (annual %),SP.URB.GROW,4.08421285864529
Rwanda,RWA,1986,Urban population growth (annual %),SP.URB.GROW,4.0454273127403
Rwanda,RWA,1985,Urban population growth (annual %),SP.URB.GROW,4.0310880945771
Rwanda,RWA,1984,Urban population growth (annual %),SP.URB.GROW,4.03703622343729
Rwanda,RWA,1983,Urban population growth (annual %),SP.URB.GROW,4.07632388903222
Rwanda,RWA,1982,Urban population growth (annual %),SP.URB.GROW,4.153647089952
Rwanda,RWA,1981,Urban population growth (annual %),SP.URB.GROW,4.26927661660922
Rwanda,RWA,1980,Urban population growth (annual %),SP.URB.GROW,4.44307838241545
Rwanda,RWA,1979,Urban population growth (annual %),SP.URB.GROW,4.72151509424099
Rwanda,RWA,1978,Urban population growth (annual %),SP.URB.GROW,5.56170958393523
Rwanda,RWA,1977,Urban population growth (annual %),SP.URB.GROW,6.6856419655169
Rwanda,RWA,1976,Urban population growth (annual %),SP.URB.GROW,7.57913425314386
Rwanda,RWA,1975,Urban population growth (annual %),SP.URB.GROW,8.21227500329706
Rwanda,RWA,1974,Urban population growth (annual %),SP.URB.GROW,8.55817549518946
Rwanda,RWA,1973,Urban population growth (annual %),SP.URB.GROW,8.53395198287325
Rwanda,RWA,1972,Urban population growth (annual %),SP.URB.GROW,8.05217655911181
Rwanda,RWA,1971,Urban population growth (annual %),SP.URB.GROW,7.03922520783778
Rwanda,RWA,1970,Urban population growth (annual %),SP.URB.GROW,6.03122288351691
Rwanda,RWA,1969,Urban population growth (annual %),SP.URB.GROW,5.58584716744347
Rwanda,RWA,1968,Urban population growth (annual %),SP.URB.GROW,5.32799351731446
Rwanda,RWA,1967,Urban population growth (annual %),SP.URB.GROW,5.03044971274773
Rwanda,RWA,1966,Urban population growth (annual %),SP.URB.GROW,4.70529472017296
Rwanda,RWA,1965,Urban population growth (annual %),SP.URB.GROW,4.42780795152525
Rwanda,RWA,1964,Urban population growth (annual %),SP.URB.GROW,4.14146143454965
Rwanda,RWA,1963,Urban population growth (annual %),SP.URB.GROW,4.21899778057776
Rwanda,RWA,1962,Urban population growth (annual %),SP.URB.GROW,4.69781384203584
Rwanda,RWA,1961,Urban population growth (annual %),SP.URB.GROW,5.26610274865413
Rwanda,RWA,2025,Urban population,SP.URB.TOTL,4503876
Rwanda,RWA,2024,Urban population,SP.URB.TOTL,4260571
Rwanda,RWA,2023,Urban population,SP.URB.TOTL,4026637
Rwanda,RWA,2022,Urban population,SP.URB.TOTL,3792348
Rwanda,RWA,2021,Urban population,SP.URB.TOTL,3486379
Rwanda,RWA,2020,Urban population,SP.URB.TOTL,3201519
Rwanda,RWA,2019,Urban population,SP.URB.TOTL,2934812
Rwanda,RWA,2018,Urban population,SP.URB.TOTL,2690145
Rwanda,RWA,2017,Urban population,SP.URB.TOTL,2470643
Rwanda,RWA,2016,Urban population,SP.URB.TOTL,2279114
Rwanda,RWA,2015,Urban population,SP.URB.TOTL,2117939
Rwanda,RWA,2014,Urban population,SP.URB.TOTL,1989068
Rwanda,RWA,2013,Urban population,SP.URB.TOTL,1894101
Rwanda,RWA,2012,Urban population,SP.URB.TOTL,1834696
Rwanda,RWA,2011,Urban population,SP.URB.TOTL,1790382
Rwanda,RWA,2010,Urban population,SP.URB.TOTL,1746303
Rwanda,RWA,2009,Urban population,SP.URB.TOTL,1702294
Rwanda,RWA,2008,Urban population,SP.URB.TOTL,1658597
Rwanda,RWA,2007,Urban population,SP.URB.TOTL,1615284
Rwanda,RWA,2006,Urban population,SP.URB.TOTL,1572597
Rwanda,RWA,2005,Urban population,SP.URB.TOTL,1530868
Rwanda,RWA,2004,Urban population,SP.URB.TOTL,1490224
Rwanda,RWA,2003,Urban population,SP.URB.TOTL,1450730
Rwanda,RWA,2002,Urban population,SP.URB.TOTL,1417773
Rwanda,RWA,2001,Urban population,SP.URB.TOTL,1371410
Rwanda,RWA,2000,Urban population,SP.URB.TOTL,1296195
Rwanda,RWA,1999,Urban population,SP.URB.TOTL,1195572
Rwanda,RWA,1998,Urban population,SP.URB.TOTL,1076916
Rwanda,RWA,1997,Urban population,SP.URB.TOTL,917793
Rwanda,RWA,1996,Urban population,SP.URB.TOTL,690907
Rwanda,RWA,1995,Urban population,SP.URB.TOTL,500206
Rwanda,RWA,1994,Urban population,SP.URB.TOTL,508299
Rwanda,RWA,1993,Urban population,SP.URB.TOTL,510795
Rwanda,RWA,1992,Urban population,SP.URB.TOTL,435130
Rwanda,RWA,1991,Urban population,SP.URB.TOTL,403662
Rwanda,RWA,1990,Urban population,SP.URB.TOTL,389043
Rwanda,RWA,1989,Urban population,SP.URB.TOTL,373596
Rwanda,RWA,1988,Urban population,SP.URB.TOTL,358099
Rwanda,RWA,1987,Urban population,SP.URB.TOTL,343534
Rwanda,RWA,1986,Urban population,SP.URB.TOTL,329786
Rwanda,RWA,1985,Urban population,SP.URB.TOTL,316711
Rwanda,RWA,1984,Urban population,SP.URB.TOTL,304198
Rwanda,RWA,1983,Urban population,SP.URB.TOTL,292162
Rwanda,RWA,1982,Urban population,SP.URB.TOTL,280492
Rwanda,RWA,1981,Urban population,SP.URB.TOTL,269080
Rwanda,RWA,1980,Urban population,SP.URB.TOTL,257834
Rwanda,RWA,1979,Urban population,SP.URB.TOTL,246629
Rwanda,RWA,1978,Urban population,SP.URB.TOTL,235255
Rwanda,RWA,1977,Urban population,SP.URB.TOTL,222528
Rwanda,RWA,1976,Urban population,SP.URB.TOTL,208137
Rwanda,RWA,1975,Urban population,SP.URB.TOTL,192945
Rwanda,RWA,1974,Urban population,SP.URB.TOTL,177733
Rwanda,RWA,1973,Urban population,SP.URB.TOTL,163155
Rwanda,RWA,1972,Urban population,SP.URB.TOTL,149809
Rwanda,RWA,1971,Urban population,SP.URB.TOTL,138219
Rwanda,RWA,1970,Urban population,SP.URB.TOTL,128824
Rwanda,RWA,1969,Urban population,SP.URB.TOTL,121284
Rwanda,RWA,1968,Urban population,SP.URB.TOTL,114695
Rwanda,RWA,1967,Urban population,SP.URB.TOTL,108744
Rwanda,RWA,1966,Urban population,SP.URB.TOTL,103409
Rwanda,RWA,1965,Urban population,SP.URB.TOTL,98656
Rwanda,RWA,1964,Urban population,SP.URB.TOTL,94383
Rwanda,RWA,1963,Urban population,SP.URB.TOTL,90554
Rwanda,RWA,1962,Urban population,SP.URB.TOTL,86813
Rwanda,RWA,1961,Urban population,SP.URB.TOTL,82829
Rwanda,RWA,1960,Urban population,SP.URB.TOTL,78580
Rwanda,RWA,2025,Urban population (% of total population),SP.URB.TOTL.IN.ZS,30.9133840928162
Rwanda,RWA,2024,Urban population (% of total population),SP.URB.TOTL.IN.ZS,29.8849714294083
Rwanda,RWA,2023,Urban population (% of total population),SP.URB.TOTL.IN.ZS,28.8555310645477
Rwanda,RWA,2022,Urban population (% of total population),SP.URB.TOTL.IN.ZS,27.7806702737761
Rwanda,RWA,2021,Urban population (% of total population),SP.URB.TOTL.IN.ZS,26.1049092762833
Rwanda,RWA,2020,Urban population (% of total population),SP.URB.TOTL.IN.ZS,24.5029761132966
Rwanda,RWA,2019,Urban population (% of total population),SP.URB.TOTL.IN.ZS,22.9711026997362
Rwanda,RWA,2018,Urban population (% of total population),SP.URB.TOTL.IN.ZS,21.5418444579064
Rwanda,RWA,2017,Urban population (% of total population),SP.URB.TOTL.IN.ZS,20.2477568101111
Rwanda,RWA,2016,Urban population (% of total population),SP.URB.TOTL.IN.ZS,19.1213951786548
Rwanda,RWA,2015,Urban population (% of total population),SP.URB.TOTL.IN.ZS,18.1953149858416
Rwanda,RWA,2014,Urban population (% of total population),SP.URB.TOTL.IN.ZS,17.5020716539756
Rwanda,RWA,2013,Urban population (% of total population),SP.URB.TOTL.IN.ZS,17.0742206053612
Rwanda,RWA,2012,Urban population (% of total population),SP.URB.TOTL.IN.ZS,16.9410248882148
Rwanda,RWA,2011,Urban population (% of total population),SP.URB.TOTL.IN.ZS,16.9323586881273
Rwanda,RWA,2010,Urban population (% of total population),SP.URB.TOTL.IN.ZS,16.9255580310614
Rwanda,RWA,2009,Urban population (% of total population),SP.URB.TOTL.IN.ZS,16.9206894426355
Rwanda,RWA,2008,Urban population (% of total population),SP.URB.TOTL.IN.ZS,16.9170867063804
Rwanda,RWA,2007,Urban population (% of total population),SP.URB.TOTL.IN.ZS,16.9140836058266
Rwanda,RWA,2006,Urban population (% of total population),SP.URB.TOTL.IN.ZS,16.9110139245047
Rwanda,RWA,2005,Urban population (% of total population),SP.URB.TOTL.IN.ZS,16.9072114459454
Rwanda,RWA,2004,Urban population (% of total population),SP.URB.TOTL.IN.ZS,16.9020099536792
Rwanda,RWA,2003,Urban population (% of total population),SP.URB.TOTL.IN.ZS,16.8947432312369
Rwanda,RWA,2002,Urban population (% of total population),SP.URB.TOTL.IN.ZS,16.8778847116752
Rwanda,RWA,2001,Urban population (% of total population),SP.URB.TOTL.IN.ZS,16.5487399668155
Rwanda,RWA,2000,Urban population (% of total population),SP.URB.TOTL.IN.ZS,15.7804474645996
Rwanda,RWA,1999,Urban population (% of total population),SP.URB.TOTL.IN.ZS,14.6733549679289
Rwanda,RWA,1998,Urban population (% of total population),SP.URB.TOTL.IN.ZS,13.3253915215227
Rwanda,RWA,1997,Urban population (% of total population),SP.URB.TOTL.IN.ZS,11.8344861701004
Rwanda,RWA,1996,Urban population (% of total population),SP.URB.TOTL.IN.ZS,10.2985679583814
Rwanda,RWA,1995,Urban population (% of total population),SP.URB.TOTL.IN.ZS,8.81556593108499
Rwanda,RWA,1994,Urban population (% of total population),SP.URB.TOTL.IN.ZS,7.48340913293057
Rwanda,RWA,1993,Urban population (% of total population),SP.URB.TOTL.IN.ZS,6.4000266086375
Rwanda,RWA,1992,Urban population (% of total population),SP.URB.TOTL.IN.ZS,5.66334740292516
Rwanda,RWA,1991,Urban population (% of total population),SP.URB.TOTL.IN.ZS,5.36287370946222
Rwanda,RWA,1990,Urban population (% of total population),SP.URB.TOTL.IN.ZS,5.27494050180917
Rwanda,RWA,1989,Urban population (% of total population),SP.URB.TOTL.IN.ZS,5.19988344427648
Rwanda,RWA,1988,Urban population (% of total population),SP.URB.TOTL.IN.ZS,5.1391406315519
Rwanda,RWA,1987,Urban population (% of total population),SP.URB.TOTL.IN.ZS,5.08977770764686
Rwanda,RWA,1986,Urban population (% of total population),SP.URB.TOTL.IN.ZS,5.04886031657278
Rwanda,RWA,1985,Urban population (% of total population),SP.URB.TOTL.IN.ZS,5.01345410234109
Rwanda,RWA,1984,Urban population (% of total population),SP.URB.TOTL.IN.ZS,4.98062470896321
Rwanda,RWA,1983,Urban population (% of total population),SP.URB.TOTL.IN.ZS,4.94743778045056
Rwanda,RWA,1982,Urban population (% of total population),SP.URB.TOTL.IN.ZS,4.91095896081457
Rwanda,RWA,1981,Urban population (% of total population),SP.URB.TOTL.IN.ZS,4.86825389406667
Rwanda,RWA,1980,Urban population (% of total population),SP.URB.TOTL.IN.ZS,4.81638822421827
Rwanda,RWA,1979,Urban population (% of total population),SP.URB.TOTL.IN.ZS,4.7524275952808
Rwanda,RWA,1978,Urban population (% of total population),SP.URB.TOTL.IN.ZS,4.67223759552739
Rwanda,RWA,1977,Urban population (% of total population),SP.URB.TOTL.IN.ZS,4.55230998761934
Rwanda,RWA,1976,Urban population (% of total population),SP.URB.TOTL.IN.ZS,4.38557661746392
Rwanda,RWA,1975,Urban population (% of total population),SP.URB.TOTL.IN.ZS,4.18741995396801
Rwanda,RWA,1974,Urban population (% of total population),SP.URB.TOTL.IN.ZS,3.97236937390495
Rwanda,RWA,1973,Urban population (% of total population),SP.URB.TOTL.IN.ZS,3.75495425404808
Rwanda,RWA,1972,Urban population (% of total population),SP.URB.TOTL.IN.ZS,3.54970397117073
Rwanda,RWA,1971,Urban population (% of total population),SP.URB.TOTL.IN.ZS,3.37114790204624
Rwanda,RWA,1970,Urban population (% of total population),SP.URB.TOTL.IN.ZS,3.23622901071629
Rwanda,RWA,1969,Urban population (% of total population),SP.URB.TOTL.IN.ZS,3.14103798947284
Rwanda,RWA,1968,Urban population (% of total population),SP.URB.TOTL.IN.ZS,3.06342425703111
Rwanda,RWA,1967,Urban population (% of total population),SP.URB.TOTL.IN.ZS,2.99604926109125
Rwanda,RWA,1966,Urban population (% of total population),SP.URB.TOTL.IN.ZS,2.93639979918979
Rwanda,RWA,1965,Urban population (% of total population),SP.URB.TOTL.IN.ZS,2.88196266886324
Rwanda,RWA,1964,Urban population (% of total population),SP.URB.TOTL.IN.ZS,2.83022466764814
Rwanda,RWA,1963,Urban population (% of total population),SP.URB.TOTL.IN.ZS,2.778672593081
Rwanda,RWA,1962,Urban population (% of total population),SP.URB.TOTL.IN.ZS,2.72479324269835
Rwanda,RWA,1961,Urban population (% of total population),SP.URB.TOTL.IN.ZS,2.6660734140367
Rwanda,RWA,1960,Urban population (% of total population),SP.URB.TOTL.IN.ZS,2.59999990463257
Rwanda,RWA,2004,"Roads, paved (% of total roads)",IS.ROD.PAVE.ZS,19
Rwanda,RWA,1995,"Roads, paved (% of total roads)",IS.ROD.PAVE.ZS,9.8999996185
Rwanda,RWA,1994,"Roads, paved (% of total roads)",IS.ROD.PAVE.ZS,9.6999998093
Rwanda,RWA,1993,"Roads, paved (% of total roads)",IS.ROD.PAVE.ZS,9.6000003815
Rwanda,RWA,1992,"Roads, paved (% of total roads)",IS.ROD.PAVE.ZS,9.3999996185
Rwanda,RWA,1991,"Roads, paved (% of total roads)",IS.ROD.PAVE.ZS,9.1999998093
Rwanda,RWA,1990,"Roads, paved (% of total roads)",IS.ROD.PAVE.ZS,9
